strategy,symbol,entry_date,exit_date,holding_days,entry_price,exit_price,shares,pnl,pnl_pct,commission,entry_value,exit_value,sector,overall_quality_score,balance_sheet_quality_score,cash_flow_quality_score,income_statement_quality_score,bs_liquidity_score,bs_leverage_score,bs_asset_quality_score,cf_generation_score,cf_efficiency_score,cf_sustainability_score,is_profitability_score,is_margin_score,is_growth_score,success_probability
rsi_divergence,BRLSW,2025-06-02,2025-06-11,9,0.095,0.112,21052,353.52623600000004,17.67684210526316,4.357764,1999.94,2357.824,CONSUMER DEFENSIVE,31.26024858516312,50.0,26.182571470191263,18.0,50.0,50.0,50.0,0.0,24.67891176281555,100.0,0.0,0.0,100.0,0.9530573
rsi_divergence,OFS,2025-05-29,2025-06-18,20,8.28,9.1,241,193.4314200000001,9.693478260869572,4.18858,1995.48,2193.1,FINANCIAL SERVICES,32.872653766260406,50.0,41.872435013866806,7.513971210836352,50.0,50.0,50.0,67.181087534667,50.0,0.0,0.0,49.11092294664283,0.0,0.93137264
rsi_divergence,CTSO,2025-05-29,2025-06-23,25,0.82,1.26,2439,1068.08688,53.4048780487805,5.073119999999999,1999.98,3073.14,HEALTHCARE,26.66349429308064,50.0,10.266573694557408,19.928014629049105,50.0,50.0,50.0,4.855858201397711,15.6466876971737,26.76728086552177,0.0,50.0,80.24846162777196,0.936262
rsi_divergence,CRML,2025-06-06,2025-06-26,20,1.37,3.66,1459,3333.7712300000007,166.78613138686134,7.33877,1998.83,5339.9400000000005,BASIC MATERIALS,23.290921573798947,50.0,2.033095678178624,18.0,50.0,50.0,50.0,1.1926686119507988,0.0,8.09118317539238,0.0,50.0,50.0,0.9719415
rsi_divergence,YB,2025-05-28,2025-06-27,30,14.51,21.92,137,1010.1790900000004,50.81716057891113,4.99091,1987.87,3003.0400000000004,TECHNOLOGY,61.900000000000006,50.0,,85.0,50.0,50.0,50.0,79.17805658342807,,50.0,100.0,100.0,50.0,0.94426334
rsi_divergence,NTIC,2025-05-28,2025-07-01,34,7.2,8.29,277,297.63926999999984,14.923749999999991,4.29073,1994.4,2296.33,BASIC MATERIALS,22.23650042459765,50.0,1.5451371079974172,15.372368173407375,50.0,50.0,50.0,5.51834681427649,0.0,0.0,0.0,35.40204540781877,50.0,0.9420769
rsi_divergence,ACON,2025-06-03,2025-07-07,34,6.45,7.75,310,398.598,19.93488372093024,4.402,1999.5,2402.5,HEALTHCARE,25.71675104312204,50.0,12.34889048660606,15.122403478064816,50.0,50.0,50.0,6.271973393935598,9.002698245457113,41.43891097503857,0.0,3.943617356723491,94.8956210620008,0.9172411
rsi_divergence,SHPH,2025-06-03,2025-07-15,42,0.168,4.7,11904,53890.979328,2694.7214285714285,57.94867200000001,1999.872,55948.8,HEALTHCARE,43.018939785688445,50.0,28.84527207784376,,50.0,50.0,50.0,4.805960415792666,30.950491244865784,100.0,,,0.0,0.92612606
rsi_divergence,SBSI,2025-06-02,2025-07-17,45,27.78,31.16,71,235.79526,11.954859611231102,4.184740000000001,1972.38,2212.36,FINANCIAL SERVICES,25.643973091182268,50.0,21.0,6.511685562300793,50.0,50.0,50.0,0.0,0.0,100.0,0.0,2.8321631109908543,18.87345543001179,0.90542865
rsi_divergence,WALDW,2025-06-25,2025-07-17,22,0.0531,0.0898,37664,1376.8866144000003,68.84576271186442,5.382185600000001,1999.9584,3382.2272000000003,CONSUMER DEFENSIVE,50.0,50.0,,,50.0,50.0,50.0,14.890603732297286,,0.0,,,,0.9076262
rsi_divergence,SPMC,2025-06-23,2025-07-17,24,16.9,18.44,118,177.54988000000026,8.90331360946747,4.17012,1994.2,2175.92,,50.0,50.0,,,50.0,50.0,50.0,14.890603732297286,,0.0,,,,0.9025664
rsi_divergence,AUPH,2025-07-07,2025-07-17,10,7.47,9.07,267,422.7838200000001,21.197590361445787,4.41618,1994.49,2421.69,HEALTHCARE,80.68342743789084,50.0,98.63197679946686,93.043750276667,50.0,50.0,50.0,100.0,95.43992266488954,100.0,100.0,100.0,76.81250092222335,0.9577175
rsi_divergence,FGL,2025-06-05,2025-07-18,43,0.9615,1.0,2080,76.00007999999993,3.8001560062402455,4.07992,1999.92,2080.0,INDUSTRIALS,50.0,50.0,,,50.0,50.0,50.0,14.890603732297286,,,0.0,0.0,,0.9104594
rsi_divergence,ADGM,2025-06-05,2025-07-23,48,1.12,1.77,1785,1155.0913499999997,57.77767857142854,5.158650000000001,1999.2000000000005,3159.45,HEALTHCARE,33.860291738600345,50.0,1.0917931472737772,,50.0,50.0,50.0,3.89926124026349,0.0,0.0,,,100.0,0.9577238
rsi_divergence,GLE,2025-07-01,2025-07-23,22,1.45,3.6,1379,2957.8860500000005,147.9275862068966,6.9639500000000005,1999.55,4964.400000000001,TECHNOLOGY,50.0,50.0,,,50.0,50.0,50.0,4.871444099994511,50.0,,0.0,0.0,,0.90059525
rsi_divergence,MESO,2025-06-23,2025-07-24,31,10.16,16.98,196,1331.4005599999998,66.85885826771653,5.31944,1991.36,3328.08,HEALTHCARE,50.0,50.0,,,50.0,50.0,50.0,14.189233271297615,,0.0,,,,0.93599236
rsi_divergence,PCTY,2025-06-18,2025-07-24,36,176.45,188.14,11,124.57951000000014,6.418481156134891,4.01049,1940.95,2069.54,TECHNOLOGY,63.44703602008953,50.0,73.82703063081841,66.42387032917486,50.0,50.0,50.0,90.4531668022303,100.0,25.48587969975428,33.78771694285727,76.36261184010652,100.0,0.9409306
rsi_divergence,AUR,2025-07-01,2025-07-24,23,5.05,6.52,396,577.5382799999996,28.879801980198007,4.58172,1999.8,2581.92,TECHNOLOGY,22.790959012629173,50.0,12.893582089552275,5.9884615384615385,50.0,50.0,50.0,0.0,12.064676616915609,49.33333333333333,0.0,0.0,33.269230769230774,0.9003869
rsi_divergence,ORGO,2025-06-02,2025-07-25,53,2.66,5.03,751,1774.09481,88.80864661654135,5.77519,1997.66,3777.53,HEALTHCARE,42.73620556033867,50.0,8.583122741392298,68.83463251670355,50.0,50.0,50.0,8.293377323288647,17.5525727069228,0.0,46.47828507795053,67.47772828507777,100.0,0.95699704
rsi_divergence,SNDX,2025-07-01,2025-07-29,28,8.82,10.35,226,341.44757999999973,17.12959183673468,4.332420000000001,1993.32,2339.1,HEALTHCARE,29.54057691536269,50.0,20.971445198068743,18.0,50.0,50.0,50.0,0.0,33.08696368278115,66.77706106992717,0.0,50.0,50.0,0.94686836
rsi_divergence,ACTU,2025-07-15,2025-07-30,15,5.97,7.27,335,431.0646,21.553768844221107,4.4354,1999.95,2435.45,HEALTHCARE,36.11438994024877,50.0,7.922393758329617,,50.0,50.0,50.0,0.735344926516793,36.74522466145198,0.0,,,21.125617802561425,0.90279853
rsi_divergence,FORR,2025-07-15,2025-08-01,17,9.53,10.94,209,290.4117700000003,14.580587618048286,4.27823,1991.77,2286.46,INDUSTRIALS,22.42687129487969,50.0,10.860352464161773,6.891044063842084,50.0,50.0,50.0,7.9718321262687395,25.572065378847583,0.0,0.0,45.03950368524238,0.0,0.9211417
rsi_divergence,NLY,2025-06-02,2025-08-04,63,18.69,20.91,107,233.3027999999997,11.666131621187786,4.2372,1999.83,2237.37,REAL ESTATE,67.0,50.0,,100.0,50.0,50.0,50.0,14.890603732297286,,0.0,100.0,100.0,100.0,0.9078976
rsi_divergence,ONC,2025-07-07,2025-08-05,29,240.99,307.23,8,525.5342400000001,27.25913108427736,4.38576,1927.92,2457.84,HEALTHCARE,63.64709443709621,50.0,100.0,41.609101285577104,50.0,50.0,50.0,100.0,100.0,100.0,19.198263238838614,63.09931996680552,50.0,0.9184156
rsi_divergence,BITF,2025-06-27,2025-08-07,41,0.7462,1.28,2680,1425.153784,71.26424551058697,5.430216,1999.816,3430.4,FINANCIAL SERVICES,22.53655753445013,50.0,2.528962225606455,15.3,50.0,50.0,50.0,0.0,12.042677264792644,0.0,0.0,0.0,100.0,0.94599277
rsi_divergence,MNMD,2025-06-23,2025-08-12,50,6.645,10.15,300,1046.4615,52.493679458239285,5.0385,1993.5,3045.0,HEALTHCARE,29.55,50.0,21.0,18.0,50.0,50.0,50.0,0.0,0.0,100.0,0.0,0.0,100.0,0.9434799
rsi_divergence,IGIC,2025-06-11,2025-08-12,62,22.68,24.33,88,141.06312000000003,7.067857142857147,4.13688,1995.84,2141.04,FINANCIAL SERVICES,54.71269565217391,50.0,,63.860869565217385,50.0,50.0,50.0,14.890603732297286,,,100.0,100.0,17.101449275362317,0.9598637
rsi_divergence,TVC,2025-06-05,2025-08-13,69,23.3937,24.02,85,49.20533550000023,2.4745392990420614,4.0301645,1988.4645,2041.7,,41.371948257600586,50.0,41.33129350976514,33.03712176287673,50.0,50.0,50.0,34.006352087114315,51.47388059701492,100.0,7.06291591046581,43.3499697519661,76.7901492806549,0.9193085
rsi_divergence,AIZ,2025-07-30,2025-08-13,14,184.56,213.59,10,286.3185000000002,15.513572821846566,3.981500000000001,1845.6,2135.9,FINANCIAL SERVICES,59.03970304586984,50.0,90.627417607922,37.154868338986965,50.0,50.0,50.0,76.56854401980503,100.0,100.0,16.09546650162462,24.61086182887203,77.77807729891836,0.9294117
rsi_divergence,FE,2025-06-17,2025-08-13,57,39.72,43.95,50,207.3165,10.438897280966769,4.1835,1986.0,2197.5,UTILITIES,48.32499438122244,50.0,42.25988428158148,52.58597814206044,50.0,50.0,50.0,38.42815814850529,50.0,100.0,28.158148505303743,80.01928640308581,57.7231093967107,0.9805504
rsi_divergence,OPRX,2025-08-06,2025-08-14,8,12.48,17.59,160,812.7887999999999,40.7045673076923,4.8112,1996.8,2814.4,HEALTHCARE,49.27646698360845,50.0,71.54481646964786,26.96081631948425,50.0,50.0,50.0,28.86204117411965,100.0,100.0,0.0,55.72869144895785,50.0,0.94488823
rsi_divergence,VSTM,2025-07-11,2025-08-15,35,4.685,8.22,426,1500.4124700000002,75.17812166488795,5.49753,1995.81,3501.7200000000003,HEALTHCARE,32.61,50.0,21.0,27.0,50.0,50.0,50.0,0.0,0.0,100.0,0.0,50.0,100.0,0.9527058
rsi_divergence,ACXP,2025-06-13,2025-08-18,66,0.305,5.15,6557,31732.896565000003,1586.7360655737705,35.768435000000004,1999.885,33768.55,HEALTHCARE,34.83051006350006,50.0,4.031848677272915,,50.0,50.0,50.0,5.555249149778228,0.0,11.79228054921434,,,100.0,0.9362237
rsi_divergence,AVAH,2025-07-24,2025-08-19,26,3.94,7.27,507,1682.62653,84.23324873096448,5.68347,1997.58,3685.89,HEALTHCARE,45.98434786269051,50.0,66.67856229221348,22.00124207723547,50.0,50.0,50.0,39.62216269311786,100.0,69.43232404988781,0.0,23.337473590784903,50.0,0.92062837
rsi_divergence,DJCO,2025-07-15,2025-08-20,36,389.36,462.98,5,363.8382999999999,18.68904355866036,4.2617,1946.8,2314.9,TECHNOLOGY,72.80468263361382,83.32185930296049,68.9386037902081,66.34920533196524,78.26135579356252,74.60863141222933,100.0,59.84650947552027,50.0,100.0,100.0,37.8306844398841,50.0,0.9286787
rsi_divergence,OGS,2025-06-05,2025-08-22,78,73.41,76.99,27,92.59920000000008,4.671843073150801,4.0608,1982.07,2078.73,UTILITIES,39.35745320197041,50.0,24.48319036399467,43.46470700544755,50.0,50.0,50.0,44.87487636003941,50.0,6.753452300874463,9.90405539070218,74.49047148038237,82.7539527259267,0.97320896
rsi_divergence,NJR,2025-05-28,2025-08-22,86,45.3,47.91,44,110.73876000000014,5.555827814569544,4.10124,1993.2,2108.04,UTILITIES,32.62399996429398,50.0,44.90753337022948,3.836805741524268,50.0,50.0,50.0,47.88404775081957,50.0,100.0,0.0,12.78935247174756,0.0,0.907236
rsi_divergence,NMIH,2025-08-01,2025-08-22,21,37.19,40.345,53,163.10564499999992,8.274979833288516,4.109355,1971.07,2138.285,FINANCIAL SERVICES,71.7926580376343,50.0,80.41273145947508,84.57781369413975,50.0,50.0,50.0,100.0,91.6928822175224,43.01622264739456,100.0,100.0,48.592712313799176,0.93037695
rsi_divergence,XMTR,2025-08-04,2025-08-22,18,30.97,49.255,64,1165.1056000000003,58.78196641911529,5.1344,1982.08,3152.32,INDUSTRIALS,23.860689981137355,50.0,2.7842111232057998,18.946765619057174,50.0,50.0,50.0,5.780300642829942,5.551080681968646,0.0,0.0,21.552582796115168,83.70722619864694,0.9024046
rsi_divergence,BRSP,2025-07-08,2025-08-22,45,5.03,5.77,397,289.4924,14.497017892644134,4.2876,1996.91,2290.69,REAL ESTATE,22.725764979012112,50.0,0.0,18.31107346768268,50.0,50.0,50.0,0.0,0.0,0.0,0.0,71.64722136935774,0.1609098764567079,0.90088433
rsi_divergence,ACT,2025-06-09,2025-08-22,74,34.25,38.74,58,256.18658000000005,12.896379562043798,4.233420000000001,1986.5,2246.92,FINANCIAL SERVICES,68.36964778602602,50.0,78.35181944175278,76.51043344190472,50.0,50.0,50.0,100.0,83.72003767653192,44.11936046264403,100.0,100.0,21.701444806349063,0.9516758
rsi_divergence,GNSS,2025-08-12,2025-08-22,10,1.55,1.91,1290,459.9366000000001,23.00258064516129,4.4634,1999.5,2463.9,TECHNOLOGY,10.781333085231749,13.745590202016158,5.0132136476751,13.50272886715774,3.6615548132398814,0.0,53.61173769516078,2.570782737154984,20.444735625103355,0.0,0.0,7.933448310841744,67.08171206225681,0.93146
rsi_divergence,ILMN,2025-08-06,2025-08-22,16,94.43,101.8,21,150.64916999999951,7.59691835221855,4.12083,1983.03,2137.8,HEALTHCARE,56.92492814690543,50.0,75.45070422535211,45.66528162511538,50.0,50.0,50.0,100.0,100.0,18.16901408450705,44.2520775623268,82.65927977839331,10.555555555555554,0.9094784
rsi_divergence,WSBC,2025-08-07,2025-08-27,20,29.44,32.89,67,226.9738900000001,11.507031250000004,4.17611,1972.48,2203.63,FINANCIAL SERVICES,65.99770290644099,50.0,98.47788759527572,,50.0,50.0,50.0,100.0,94.92629198425246,100.0,100.0,,75.09118729581078,0.91127956
rsi_divergence,UCFI,2025-06-17,2025-08-27,71,10.46,12.5,191,385.2546399999999,19.28336520076481,4.38536,1997.86,2387.5,UNKNOWN,50.0,50.0,,,50.0,50.0,50.0,14.890603732297286,,,100.0,100.0,,0.94139045
rsi_divergence,CVKD,2025-05-30,2025-08-27,89,13.33,13.93,150,85.911,4.29662415603901,4.089,1999.5,2089.5,HEALTHCARE,25.903554711603213,50.0,16.79695454272336,11.354587389719123,50.0,50.0,50.0,5.074910866867522,18.883263426193075,54.335686573809085,0.0,0.0,63.081041053995136,0.9403387
rsi_divergence,DUKB,2025-07-16,2025-08-27,42,23.82,24.78,83,75.64620000000029,3.826196473551652,4.0338,1977.06,2056.74,,57.34346024586623,50.0,58.3110338835795,63.53182077730879,50.0,50.0,50.0,100.0,61.03677961193165,0.0,58.177241863732135,83.75731678763755,50.44576331841557,0.95920235
rsi_divergence,EHC,2025-07-24,2025-08-27,34,107.13,123.58,18,291.94722000000013,15.139820778493426,4.15278,1928.34,2224.44,HEALTHCARE,49.21238776324007,50.0,54.012383326957575,43.78912136865901,50.0,50.0,50.0,83.32064297800335,68.94708711918744,0.0,17.808798646362067,56.57868020304564,65.63999283066832,0.9204826
rsi_divergence,RYTM,2025-06-26,2025-08-28,63,61.445,104.23,32,1363.8184,69.36174627715845,5.3016000000000005,1966.24,3335.36,HEALTHCARE,25.15413205025713,50.0,0.0337403598972713,25.420581563208906,50.0,50.0,50.0,0.0,0.1606683804631969,0.0,0.0,50.0,91.22545312893836,0.93017185
rsi_divergence,BOTJ,2025-06-25,2025-08-28,64,13.7,15.55,145,264.00875,13.29014598540146,4.24125,1986.5,2254.75,FINANCIAL SERVICES,64.71269877835655,50.0,84.79605690411076,59.5,50.0,50.0,50.0,61.99014226027688,100.0,100.0,100.0,50.0,50.0,0.93235075
rsi_divergence,ACB,2025-07-16,2025-08-28,43,4.48,5.62,446,503.9353999999999,25.22098214285713,4.5046,1998.08,2506.52,HEALTHCARE,50.029423584231154,50.0,21.0,78.23359877715046,50.0,50.0,50.0,0.0,0.0,100.0,100.0,100.0,27.44532925716821,0.9558434
rsi_divergence,INTR,2025-07-22,2025-08-28,37,6.71,8.61,298,561.6346399999998,28.08763040238449,4.56536,1999.58,2565.78,FINANCIAL SERVICES,39.393460569697794,50.0,0.0,67.33370755793469,50.0,50.0,50.0,0.0,0.0,0.0,85.5403163468667,100.0,50.0,0.9531097
rsi_divergence,ONFOW,2025-06-09,2025-08-29,81,0.102,0.2314,19607,2530.6088262000003,126.5358823529412,6.536973799999999,1999.914,4537.0598,COMMUNICATION SERVICES,30.24031392300028,50.0,17.99186037272812,22.95,50.0,50.0,50.0,7.479650931820295,50.0,0.0,0.0,50.0,100.0,0.9423365
rsi_divergence,PINE,2025-07-10,2025-08-29,50,14.52,15.27,137,98.66876999999975,4.960123966942137,4.08123,1989.24,2091.99,REAL ESTATE,33.21503595162396,50.0,35.0,15.191282210658706,50.0,50.0,50.0,50.0,0.0,100.0,0.0,73.22117695529539,26.06824925816021,0.957405
rsi_divergence,NSA,2025-05-28,2025-08-29,93,33.74,32.23,59,-92.98223000000036,-4.670924718435111,3.89223,1990.66,1901.57,REAL ESTATE,69.41078481379088,50.0,99.84255526513977,58.71394581263162,50.0,50.0,50.0,100.0,100.0,99.47518421713256,56.49887123612848,100.0,54.91893957783506,0.95572513
rsi_divergence,PLYM,2025-08-06,2025-08-29,23,14.25,22.0,140,1079.925,54.13157894736842,5.075,1995.0,3080.0,REAL ESTATE,34.64204826204619,50.0,43.44278136981277,11.193912970611692,50.0,50.0,50.0,71.10695342453191,50.0,0.0,0.0,4.9221101598837045,57.266295232403465,0.9268864
rsi_divergence,VOXR,2025-07-10,2025-08-29,50,3.08,3.68,649,385.01276000000007,19.261038961038963,4.38724,1998.92,2388.32,BASIC MATERIALS,38.99763569234388,50.0,27.02801790043991,39.93644054470209,50.0,50.0,50.0,56.55472717742128,53.29854424172358,0.0,0.0,83.12146848234029,50.0,0.9558725
rsi_divergence,AMTB,2025-06-05,2025-09-04,91,17.0,21.65,117,539.5279499999997,27.125588235294103,4.52205,1989.0,2533.05,FINANCIAL SERVICES,51.76683931751249,50.0,76.0279106651048,29.934202347140907,50.0,50.0,50.0,51.5399471173098,84.70643939393626,100.0,31.58860725577373,25.270885804618988,50.0,0.9341099
rsi_divergence,HGV,2025-08-21,2025-09-04,14,43.39,47.99,46,207.3965199999999,10.390919566720438,4.20348,1995.94,2207.54,CONSUMER CYCLICAL,28.82455896469435,50.0,15.917515912318043,20.799349157733516,50.0,50.0,50.0,20.50807549508233,25.7142857142837,0.0,0.0,60.24999999999993,9.081163859111788,0.92627656
rsi_divergence,FHB,2025-08-07,2025-09-04,28,23.66,26.13,84,203.29764000000003,10.22912087912088,4.18236,1987.44,2194.92,FINANCIAL SERVICES,62.18762484457177,50.0,51.61569833803553,84.27777762652953,50.0,50.0,50.0,81.95474902480797,62.7793290937078,0.0,100.0,100.0,47.592592088431765,0.95497745
rsi_divergence,XP,2025-07-31,2025-09-05,36,16.14,18.91,123,336.3988499999998,16.945167286245344,4.31115,1985.22,2325.93,FINANCIAL SERVICES,69.79436746709591,50.0,100.0,59.68931607969385,50.0,50.0,50.0,100.0,100.0,100.0,100.0,8.90053169988494,56.7305218990946,0.9184551
rsi_divergence,ESNT,2025-07-18,2025-09-05,49,55.69,63.86,35,281.76575,14.455826898904652,4.1842500000000005,1949.15,2235.1,FINANCIAL SERVICES,66.78486738050307,50.0,74.46802440342343,75.6188803746275,50.0,50.0,50.0,100.0,90.72389854763532,24.16951613044277,100.0,100.0,63.21129558677451,0.94322854
rsi_divergence,USGO,2025-08-13,2025-09-08,26,7.73,9.38,258,421.2856200000003,21.12406209573093,4.414380000000001,1994.34,2420.0400000000004,BASIC MATERIALS,50.0,50.0,,,50.0,50.0,50.0,14.890603732297286,,0.0,,,,0.9287398
rsi_divergence,CZFS,2025-08-06,2025-09-08,33,52.42,62.67,38,385.12658,19.334051888592143,4.37342,1991.96,2381.46,FINANCIAL SERVICES,51.24336828261177,50.0,18.189901960587893,84.53147245769931,50.0,50.0,50.0,13.04419934595115,43.24074074069144,0.0,88.41480003627203,96.04425501042768,67.84091980020732,0.9556396
rsi_divergence,BY,2025-08-07,2025-09-08,32,25.49,29.44,78,303.8154600000004,15.280776775205984,4.28454,1988.22,2296.32,FINANCIAL SERVICES,40.42852914798206,50.0,0.0,70.3780269058296,50.0,50.0,50.0,0.0,0.0,0.0,100.0,100.0,42.658929042469005,0.94452417
rsi_divergence,BUSE,2025-08-07,2025-09-08,32,22.08,24.91,90,250.47090000000028,12.604211956521755,4.2291,1987.2,2241.9,FINANCIAL SERVICES,58.40463296154177,50.0,73.73347696170315,51.68407518876392,50.0,50.0,50.0,100.0,79.71820378997417,32.72671941570299,100.0,0.0,69.34931446574087,0.9807413
rsi_divergence,GURE,2025-06-13,2025-09-08,87,0.57,0.77,3508,696.8992800000001,34.85263157894738,4.70072,1999.56,2701.16,BASIC MATERIALS,45.94331367470308,50.0,70.67670810516084,18.0,50.0,50.0,50.0,64.19177026290211,50.0,100.0,0.0,0.0,100.0,0.9356842
rsi_divergence,MATH,2025-08-13,2025-09-09,27,2.74,3.32,729,418.4022599999995,20.946715328467125,4.41774,1997.4600000000005,2420.28,FINANCIAL SERVICES,40.43,50.0,21.0,,50.0,50.0,50.0,0.0,0.0,100.0,,,0.0,0.94099295
rsi_divergence,UFG,2025-07-16,2025-09-09,55,2.11,9.65,947,7129.243280000001,356.78862559241713,11.13672,1998.17,9138.55,INDUSTRIALS,27.054843617859994,50.0,1.0752836904848375,30.0,50.0,50.0,50.0,3.8402988945887055,0.0,0.0,0.0,0.0,100.0,0.9185858
rsi_divergence,ERII,2025-05-28,2025-09-10,105,12.38,14.59,161,351.4678299999997,17.633521809369938,4.342169999999999,1993.18,2348.99,INDUSTRIALS,32.19948050022398,50.0,13.493046970376682,33.07874999999903,50.0,50.0,50.0,3.9555316497419737,0.0,58.97856242118539,35.53124999999811,62.887499999999285,0.0,0.9044617
rsi_divergence,NOTE,2025-06-20,2025-09-11,83,0.5025,5.1,3980,18275.75205,913.8104477611942,22.29795,1999.95,20298.0,TECHNOLOGY,28.632,50.0,21.0,15.3,50.0,50.0,50.0,0.0,0.0,100.0,0.0,50.0,50.0,0.9475215
rsi_divergence,STE,2025-07-21,2025-09-11,52,222.65,252.43,8,234.43936,13.16187738603189,3.80064,1781.2,2019.44,HEALTHCARE,67.02487633799515,50.0,94.70437083516308,56.68362930115098,50.0,50.0,50.0,86.77069780182151,99.98697238144828,100.0,40.70567691570221,56.99308361295618,77.67811150327748,0.9633314
rsi_divergence,CI,2025-06-04,2025-09-11,99,310.12,305.87,6,-29.19594,-1.5690668128466398,3.69594,1860.72,1835.22,HEALTHCARE,41.05898326372971,50.0,50.0,23.702891952146192,50.0,50.0,50.0,50.0,100.0,0.0,0.0,0.0,79.00963984048731,0.93953085
rsi_divergence,DD,2025-08-11,2025-09-11,31,69.9,77.99,28,222.3790799999996,11.36210300429182,4.14092,1957.2000000000005,2183.72,BASIC MATERIALS,35.202667590607376,50.0,48.52213541666666,7.912832067962868,50.0,50.0,50.0,83.80533854166664,50.0,0.0,0.0,49.2366536458333,2.4812030075187868,0.9320315
rsi_divergence,ACOG,2025-06-18,2025-09-12,86,8.935,9.8,223,188.717095,9.471348628987128,4.177905,1992.505,2185.4,HEALTHCARE,40.62012716742765,50.0,21.57614293159894,,50.0,50.0,50.0,2.0576533271390858,0.0,100.0,,50.0,,0.91957676
rsi_divergence,BBVA,2025-07-21,2025-09-15,56,14.73,19.23,135,602.9154000000002,30.319348268839114,4.5846,1988.55,2596.05,FINANCIAL SERVICES,62.40663881999739,50.0,87.5958752121133,,50.0,50.0,50.0,100.0,100.0,58.65291737371102,100.0,,50.688878768364034,0.91156006
rsi_divergence,AAUC,2025-06-24,2025-09-15,83,13.45,15.73,148,333.12136000000004,16.73472118959108,4.31864,1990.6,2328.04,BASIC MATERIALS,49.33195728188889,50.0,75.67606531362404,23.114281554096912,50.0,50.0,50.0,100.0,18.92021771208013,100.0,0.0,78.41267530053841,50.0,0.9720652
rsi_divergence,COF,2025-08-07,2025-09-15,39,207.29,226.53,9,169.25562000000008,9.07240098412852,3.90438,1865.61,2038.77,FINANCIAL SERVICES,75.92502485039051,50.0,100.0,77.72066132467796,50.0,50.0,50.0,100.0,100.0,100.0,55.966629475606034,84.44669844811847,100.0,0.9527715
rsi_divergence,GRAL,2025-08-01,2025-09-15,45,32.79,39.33,60,388.0727999999999,19.725160109789563,4.3272,1967.4,2359.8,HEALTHCARE,38.81724650494545,50.0,,17.109548543957214,50.0,50.0,50.0,14.890603732297286,,0.0,0.0,45.05304746642898,50.0,0.95004034
rsi_divergence,GMRE,2025-06-20,2025-09-15,87,6.19,7.67,323,473.5632199999997,23.685621970920824,4.47678,1999.37,2477.41,REAL ESTATE,28.817986772142465,50.0,14.0,22.641137565124893,50.0,50.0,50.0,50.0,0.0,0.0,0.0,78.40589714510988,47.378200438917325,0.9150779
rsi_divergence,RDCM,2025-06-20,2025-09-16,88,11.89,14.64,168,457.54296,22.90555088309504,4.45704,1997.52,2459.52,COMMUNICATION SERVICES,58.62518244510366,50.0,,75.36818366206958,50.0,50.0,50.0,14.890603732297286,,,69.3822057863773,66.26713073743603,92.4505404209595,0.96538246
rsi_divergence,XNET,2025-08-12,2025-09-17,36,4.38,8.16,456,1717.96176,86.0150684931507,5.71824,1997.28,3720.96,TECHNOLOGY,60.37978043357416,50.0,,80.52876598110046,50.0,50.0,50.0,14.890603732297286,,,100.0,35.095886603668234,100.0,0.97654086
rsi_divergence,A,2025-07-21,2025-09-18,59,112.04,127.62,17,260.7857799999999,13.69184219921456,4.07422,1904.68,2169.54,HEALTHCARE,62.28128126671328,63.64974552783436,51.78309169833096,71.14248524140801,93.6971458773784,54.741977426186736,45.47936931382048,89.5713463751438,53.181843827578106,0.0,71.66283084004598,72.16340621403906,69.42777013725967,0.97071093
rsi_divergence,FFIC,2025-06-02,2025-09-18,108,11.91,14.39,167,409.76790000000005,20.602015113350127,4.3921,1988.97,2403.13,FINANCIAL SERVICES,24.36747507108811,50.0,0.0,23.13963256202384,50.0,50.0,50.0,0.0,0.0,0.0,19.848843898376003,26.975590071177336,37.30294183696384,0.90725964
rsi_divergence,FMAO,2025-08-07,2025-09-18,42,23.67,26.52,84,235.18403999999964,11.82851711026614,4.21596,1988.28,2227.68,FINANCIAL SERVICES,50.16986251974744,50.0,51.72012406369494,48.83006346684738,50.0,50.0,50.0,63.11412312513384,88.24824937880469,0.0,66.74178841570632,0.0,73.77782700188281,0.9666317
rsi_divergence,VGZ,2025-07-30,2025-09-19,51,0.9203,2.25,2173,2882.5490381000004,144.14100836683693,6.889061900000001,1999.8119,4889.25,BASIC MATERIALS,20.956283858328977,50.0,4.231163207057515,9.0,50.0,50.0,50.0,6.579139491676271,11.376210235181713,0.0,0.0,50.0,0.0,0.9561843
rsi_divergence,AKO-A,2025-08-01,2025-09-19,49,17.3,20.2,115,329.1875,16.546242774566476,4.3125,1989.5,2323.0,CONSUMER DEFENSIVE,46.18284684420794,50.0,,38.77307895355277,50.0,50.0,50.0,0.0,,0.0,10.720339809637172,34.70908313746546,80.24072696152754,0.9162884
rsi_divergence,NTRB,2025-08-19,2025-09-22,34,6.22,7.29,321,339.1332900000003,16.98536977491963,4.33671,1996.62,2340.09,HEALTHCARE,35.39950812169266,88.00778677418167,4.472988575714059,14.355447812432557,100.0,86.36315244637856,78.20841931876747,5.122840809479523,7.827993483114509,6.641497702884502,0.0,6.504638108590692,87.32181818181817,0.9082871
rsi_divergence,TTWO,2025-08-08,2025-09-22,45,217.37,251.64,9,304.20890999999983,15.549979297971191,4.22109,1956.33,2264.76,COMMUNICATION SERVICES,34.47885437300473,50.0,37.03084438961002,16.937281542451228,50.0,50.0,50.0,55.59674145901453,49.307159353347366,0.0,0.0,44.09600856917349,50.0,0.9249869
rsi_divergence,STTK,2025-07-07,2025-09-22,77,0.772,2.45,2590,4337.675020000001,216.9401554404145,8.344980000000001,1999.48,6345.500000000001,HEALTHCARE,20.90416915274493,50.0,4.073239856802837,9.0,50.0,50.0,50.0,0.0,19.3963802704897,0.0,0.0,50.0,0.0,0.9391304
rsi_divergence,DOCN,2025-05-29,2025-09-22,116,27.92,37.71,71,690.4302699999997,34.82940544412606,4.659730000000001,1982.32,2677.41,TECHNOLOGY,53.317589743613766,50.0,17.792264338176288,91.01806621181056,50.0,50.0,50.0,52.80299308417375,14.32107749813161,0.0,100.0,78.67230026912341,91.3879204369118,0.9717495
rsi_divergence,HCI,2025-07-28,2025-09-22,56,138.18,185.63,14,659.7666599999998,34.10492835432044,4.53334,1934.52,2598.82,FINANCIAL SERVICES,48.32038680484699,50.0,35.122384257112095,59.5,50.0,50.0,50.0,50.30596064278024,50.0,0.0,100.0,0.0,100.0,0.97735745
rsi_divergence,HSTM,2025-07-18,2025-09-22,66,26.28,29.3,76,225.29592,11.280136986301368,4.224080000000001,1997.28,2226.8,HEALTHCARE,58.54645593882581,50.0,88.75777551801305,37.51879417023971,50.0,50.0,50.0,71.89443879503263,100.0,100.0,14.79130161885033,59.78973245809007,45.551179284241854,0.9217706
rsi_divergence,FORA,2025-08-01,2025-09-22,52,1.92,2.37,1041,463.98411,23.2140625,4.46589,1998.72,2467.17,HEALTHCARE,26.04143043182164,50.0,12.460983593252784,15.968546606024171,50.0,50.0,50.0,7.003512833045662,50.0,0.0,0.0,38.71414781124541,50.0,0.94911975
rsi_divergence,ORMP,2025-07-01,2025-09-23,84,2.1,2.49,952,366.91032,18.35285714285714,4.369680000000001,1999.2,2370.48,HEALTHCARE,30.4394941952571,50.0,1.0287702886578756,40.0,50.0,50.0,50.0,3.674179602349555,0.0,0.0,100.0,0.0,0.0,0.91951776
rsi_divergence,VALE,2025-06-20,2025-09-23,95,9.06,10.95,220,411.3978,20.64006622516556,4.402200000000001,1993.2,2409.0,BASIC MATERIALS,71.38206938537193,50.0,85.02699964856069,78.8916455921968,50.0,50.0,50.0,99.72962355411175,50.45050075638662,100.0,100.0,70.54813847618905,59.09068016446692,0.9694178
rsi_divergence,AIOT,2025-06-25,2025-09-23,90,4.37,5.57,457,543.85742,27.2324942791762,4.542580000000001,1997.09,2545.49,TECHNOLOGY,24.24326148846223,50.0,1.2296902224716946,21.580775632489917,50.0,50.0,50.0,1.6509179791284614,0.0,3.654443753884407,0.0,41.05082112738507,100.0,0.95697755
rsi_divergence,ACHC,2025-06-02,2025-09-24,114,21.63,24.59,92,268.0677600000004,13.471012482662989,4.2522400000000005,1989.96,2262.28,HEALTHCARE,35.31051322746646,50.0,34.17485296242205,22.155328676079925,50.0,50.0,50.0,8.992579027282426,50.74728968944274,100.0,0.0,68.07111075621229,18.812531110767807,0.959339
rsi_divergence,AAPL,2025-06-17,2025-09-25,100,195.64,256.87,10,607.7749,31.065983438969536,4.5251,1956.4,2568.7,TECHNOLOGY,73.53688083140442,50.0,82.21905049236611,87.95468873212823,50.0,50.0,50.0,100.0,79.11781839365034,61.61234991423671,100.0,83.97200046844807,75.87696197197937,0.9710381
rsi_divergence,FC,2025-08-11,2025-09-26,46,18.4,20.19,108,189.15228000000016,9.51853260869566,4.16772,1987.2,2180.52,CONSUMER DEFENSIVE,40.96232316131631,50.0,51.27942836155552,22.176799417655847,50.0,50.0,50.0,35.579148972004106,87.29003093027663,36.20253164556962,5.681562991241427,62.139568830001934,4.20767857386232,0.90172297
rsi_divergence,MARA,2025-08-08,2025-09-29,52,15.38,18.66,130,421.9748000000001,21.10507152145644,4.4252,1999.4,2425.8,FINANCIAL SERVICES,44.95634681668712,50.0,21.0,63.31278475496213,50.0,50.0,50.0,0.0,0.0,100.0,100.0,27.7092825165404,50.0,0.9560971
rsi_divergence,XRPN,2025-07-10,2025-09-29,81,10.03,10.47,199,83.4805000000004,4.182452642073799,4.0795,1995.97,2083.53,UNKNOWN,42.00235606853632,50.0,20.613200207685807,55.0,50.0,50.0,50.0,36.11857217030646,0.0,50.0,100.0,0.0,50.0,0.9572535
rsi_divergence,CLSK,2025-09-04,2025-09-29,25,9.08,14.87,220,1268.5309999999995,63.502753303964745,5.269,1997.6,3271.4,FINANCIAL SERVICES,23.025,50.0,10.5,9.0,50.0,50.0,50.0,0.0,50.0,0.0,0.0,0.0,50.0,0.9276874
rsi_divergence,FMX,2025-07-23,2025-09-29,68,97.58,99.33,20,31.0618,1.5916068866571018,3.9382,1951.6,1986.6,CONSUMER DEFENSIVE,34.3573215685754,50.0,21.0,32.139181084045305,50.0,50.0,50.0,0.0,0.0,100.0,0.0,31.586536652397584,75.54406696108677,0.9488934
rsi_divergence,TIMB,2025-07-28,2025-09-30,64,17.77,22.32,112,505.10992000000016,25.379347214406312,4.490080000000001,1990.24,2499.84,COMMUNICATION SERVICES,69.06963572930164,50.0,85.42641065657688,71.70270650773904,50.0,50.0,50.0,100.0,100.0,51.42136885525625,64.97968555146954,83.26999888391975,69.099442073251,0.9644953
rsi_divergence,AXIA,2025-07-28,2025-09-30,64,6.75,9.92,296,933.3856800000002,46.716000000000015,4.9343200000000005,1998.0,2936.32,UNKNOWN,42.20127876770126,50.0,73.26865303302019,4.478303725895854,50.0,50.0,50.0,100.0,50.0,60.89551011006728,0.0,24.879465143865858,0.0,0.93004316
rsi_divergence,PTNM,2025-08-08,2025-10-01,54,1.09,12.38,1834,20681.15602,1034.5440366972475,24.70398,1999.06,22704.92,UNKNOWN,50.0,50.0,,,50.0,50.0,50.0,7.076245351782824,10.522558700501468,,0.0,50.0,,0.94876575
rsi_divergence,SIGIP,2025-05-30,2025-10-01,124,16.79,18.7051,119,223.6729831000004,11.194787969029203,4.223916900000001,1998.01,2225.9069000000004,FINANCIAL SERVICES,56.83837689197516,50.0,85.0745948005355,36.06988414058365,50.0,50.0,50.0,100.0,100.0,50.24864933511834,17.656307806141296,24.51350351461336,72.17769987914377,0.9023799
rsi_divergence,CLRO,2025-09-03,2025-10-01,28,3.91,5.83,511,976.1428600000002,48.855754475703336,4.97714,1998.01,2979.13,TECHNOLOGY,34.11766133747304,50.0,1.8717010226455597,,50.0,50.0,50.0,6.684646509448427,0.0,0.0,,,100.0,0.94598764
rsi_divergence,CRS,2025-08-11,2025-10-01,51,248.35,251.48,8,21.04135999999996,1.059057781356954,3.99864,1986.8,2011.84,INDUSTRIALS,33.670258784731445,50.0,3.132824501495994,47.46007852716991,50.0,50.0,50.0,4.885842032506138,8.403755868544168,0.0,58.480986779337485,43.65612648221334,64.48717948717947,0.9281058
rsi_divergence,ATI,2025-08-20,2025-10-01,42,71.34,83.01,28,322.4382000000002,16.14192598822541,4.3218000000000005,1997.52,2324.28,INDUSTRIALS,49.1914756795052,50.0,65.3909373611728,32.683724559759305,50.0,50.0,50.0,88.477343402932,100.0,0.0,23.867170146601467,22.212350066637,74.13622526636225,0.9030812
rsi_divergence,EONR,2025-05-30,2025-10-01,124,0.343,0.5837,5830,1397.878339,69.90475218658891,5.402661,1999.69,3402.971,ENERGY,42.13,50.0,21.0,55.0,50.0,50.0,50.0,0.0,0.0,100.0,100.0,50.0,0.0,0.977457
rsi_divergence,POET,2025-08-07,2025-10-02,56,5.36,6.5,373,420.7962199999998,21.04738805970148,4.423780000000001,1999.28,2424.5,TECHNOLOGY,19.95369695697985,50.0,1.1930210817571427,9.0,50.0,50.0,50.0,4.260789577704081,0.0,0.0,0.0,0.0,50.0,0.9303231
rsi_divergence,TBMC,2025-07-22,2025-10-02,72,11.53,11.84,173,49.586990000000334,2.485949696444076,4.043010000000001,1994.69,2048.32,FINANCIAL SERVICES,23.98560211806001,50.0,22.68364278200004,0.0,50.0,50.0,50.0,6.013009935714432,0.0,100.0,0.0,0.0,0.0,0.9109914
rsi_divergence,CRWV,2025-08-21,2025-10-02,42,90.79,138.0,22,1033.5866199999998,51.74711972684215,5.03338,1997.38,3036.0,TECHNOLOGY,33.33748383620354,50.0,32.477223746071324,18.0,50.0,50.0,50.0,50.0,4.141592238731991,83.8451875044648,0.0,50.0,50.0,0.9439887
rsi_divergence,WMB,2025-07-22,2025-10-03,73,57.36,64.48,34,237.93744000000007,12.200418410041848,4.14256,1950.24,2192.32,ENERGY,64.05964237320842,50.0,64.92197221941949,76.86879864941174,50.0,50.0,50.0,100.0,70.16771488469598,12.905525846702314,85.6739651043448,100.0,41.99737535891273,0.922211
rsi_divergence,TARA,2025-07-02,2025-10-03,93,2.78,4.96,719,1561.85494,78.13884892086331,5.56506,1998.82,3566.24,HEALTHCARE,29.624412484694663,50.0,25.61166842661109,13.742829129155895,50.0,50.0,50.0,0.0,21.9603258410052,100.0,0.0,0.0,76.34905071753276,0.953153
rsi_divergence,ONTO,2025-05-30,2025-10-06,129,91.94,145.3,21,1115.57796,57.77981292147053,4.9820400000000005,1930.74,3051.3,TECHNOLOGY,58.42920237587817,50.0,100.0,26.26235992905343,50.0,50.0,50.0,100.0,100.0,100.0,39.676685319877045,50.0873996874323,0.0,0.9154031
rsi_divergence,PSTV,2025-09-23,2025-10-06,13,0.4039,0.8895,4951,2397.8019766,119.90755137410252,6.4036234,1999.7089,4403.9145,HEALTHCARE,19.813482748695808,50.0,2.1590386324115456,7.649999999999999,50.0,50.0,50.0,4.857867858879086,3.803979199644769,0.0,0.0,0.0,50.0,0.91221094
rsi_divergence,WAB,2025-09-03,2025-10-06,33,191.25,201.28,10,96.37469999999996,5.0391999999999975,3.9253,1912.5,2012.8,INDUSTRIALS,47.95469932574452,50.0,52.97462723269169,41.09727158516547,50.0,50.0,50.0,69.29140679140679,84.19354838709658,0.0,28.70755370755369,42.4255024255024,56.28866458164427,0.9166002
rsi_divergence,PDYN,2025-08-19,2025-10-07,49,7.14,9.93,280,776.4204000000003,38.83655462184876,4.7796,1999.2,2780.4,TECHNOLOGY,29.068454274120533,50.0,31.706940958224624,6.191658111489429,50.0,50.0,50.0,0.739074850802224,50.0,100.0,0.0,32.99418604644419,7.47416762342136,0.93942565
rsi_divergence,YCBD,2025-09-15,2025-10-07,22,0.6712,1.48,2979,2403.0067752,120.18009535160904,6.408424800000001,1999.5048,4408.92,HEALTHCARE,23.601587535685116,59.099228800638144,4.538915246892499,7.649999999999999,37.61385459761536,65.77182131678302,71.68781298213443,5.463789340429033,14.328829674154145,0.0,0.0,50.0,0.0,0.91451335
rsi_divergence,BRLSW,2025-09-23,2025-10-07,14,0.0701,0.092,28530,620.1822869999997,31.0098430813124,4.624713,1999.953,2624.76,CONSUMER DEFENSIVE,31.26024858516312,50.0,26.182571470191263,18.0,50.0,50.0,50.0,0.0,24.67891176281555,100.0,0.0,0.0,100.0,0.9530573
rsi_divergence,WYFI,2025-09-08,2025-10-08,30,16.0,34.29,125,2279.96375,113.9981875,6.28625,2000.0,4286.25,TECHNOLOGY,24.610496489209517,50.0,6.031807543059128,18.0,50.0,50.0,50.0,0.0,28.722893062186326,0.0,0.0,0.0,100.0,0.9433097
rsi_divergence,SPIR,2025-08-11,2025-10-08,58,9.55,14.05,209,935.5676000000002,46.87329842931938,4.9324,1995.95,2936.4500000000003,INDUSTRIALS,47.68977869877983,50.0,,43.2052314669995,50.0,50.0,50.0,14.890603732297286,,0.0,100.0,36.09894692940981,0.0,0.934252
rsi_divergence,TSHA,2025-09-19,2025-10-08,19,2.83,5.06,706,1568.8096599999997,78.5197879858657,5.57034,1997.98,3572.36,HEALTHCARE,24.28712542919607,50.0,15.992340786425672,7.381332263751764,50.0,50.0,50.0,0.0,11.91381898737836,64.24018475750579,0.0,0.0,48.24400172386774,0.93875396
rsi_divergence,MAIA,2025-09-04,2025-10-08,34,1.49,1.81,1342,425.0114,21.255033557046985,4.428599999999999,1999.58,2429.02,HEALTHCARE,25.60602496446372,50.0,9.0485604983749,18.0,50.0,50.0,50.0,3.941950384482845,0.0,37.83244947961765,0.0,0.0,100.0,0.94344825
rsi_divergence,LFWD,2025-06-02,2025-10-08,128,1.225,0.8284,1632,-650.6023488,-32.54313469387755,3.3511488000000003,1999.2,1351.9488,HEALTHCARE,23.89263953231973,50.0,10.422328741863438,11.62726778677881,50.0,50.0,50.0,3.5847498444283943,35.59936908519261,9.251101321585898,0.0,29.62066182404284,34.97527032472833,0.927278
rsi_divergence,TOIIW,2025-10-06,2025-10-09,3,0.095,0.16,21052,1363.01174,68.15263157894738,5.36826,1999.94,3368.32,HEALTHCARE,21.85166583162424,50.0,2.785324769753274,13.036790169428413,50.0,50.0,50.0,0.0,13.263451284539402,0.0,0.0,0.0,72.42661205238007,0.9360412
rsi_divergence,ATER,2025-09-09,2025-10-09,30,0.9501,1.21,2105,542.5424894999998,27.127660246289853,4.5470105,1999.9605,2547.05,CONSUMER CYCLICAL,32.09455399193642,50.0,24.591513537744422,21.998101542590483,50.0,50.0,50.0,5.831546908604989,9.327049539690623,100.0,0.0,95.1264391987766,48.65200225606317,0.92052335
rsi_divergence,MNPR,2025-08-25,2025-10-13,49,30.42,102.05,65,4647.33945,235.0346153846153,8.61055,1977.3,6633.25,HEALTHCARE,40.80469434279895,50.0,22.135437402421047,,50.0,50.0,50.0,0.0,5.406844773433573,100.0,,,100.0,0.94923073
rsi_divergence,SKYH,2025-06-20,2025-10-14,116,9.59,10.63,208,212.11424,10.633785192909276,4.20576,1994.72,2211.04,REAL ESTATE,24.420899336121504,50.0,11.934338019621729,11.7134346754304,50.0,50.0,50.0,0.0,0.0,56.83018104581775,0.0,15.074637085724444,50.0,0.9326999
rsi_divergence,ULS,2025-08-25,2025-10-14,50,62.63,77.55,31,458.17441999999977,23.59862685613922,4.34558,1941.53,2404.05,INDUSTRIALS,65.8321193182059,50.0,94.65280058383505,53.22557389864803,50.0,50.0,50.0,86.98914431673046,100.0,99.52380952380952,38.85696040868446,67.74584929757332,57.86344981967417,0.95960766
rsi_divergence,BIP,2025-08-15,2025-10-14,60,29.81,34.86,67,334.0171099999999,16.723683327742364,4.33289,1997.27,2335.62,UTILITIES,35.31831050074234,50.0,26.50774058577405,29.61987090422617,50.0,50.0,50.0,50.0,59.56066945606693,0.0,11.82008368200836,46.217573221757306,36.75521821631879,0.9462177
rsi_divergence,QSR,2025-09-09,2025-10-15,36,61.86,69.3,32,233.88287999999991,11.815130940834138,4.19712,1979.52,2217.6,CONSUMER CYCLICAL,63.246995116278754,50.0,79.32810099928761,60.496240548570114,50.0,50.0,50.0,93.28748438138014,100.0,40.043690822451886,39.31196406696608,80.44507962433642,68.79310344827584,0.9580528
rsi_divergence,LVO,2025-08-20,2025-10-15,56,0.587,4.84,3407,14471.481211000002,723.6069846678025,18.489789,1999.909,16489.88,COMMUNICATION SERVICES,19.41468295842932,50.0,0.9505544194827834,7.649999999999999,50.0,50.0,50.0,3.394837212438512,0.0,0.0,0.0,0.0,50.0,0.90188915
rsi_divergence,SPRO,2025-08-05,2025-10-15,71,2.12,2.49,943,344.56277000000006,17.23537735849057,4.347230000000001,1999.16,2348.07,HEALTHCARE,41.24358852060495,50.0,74.98057127456046,0.0,50.0,50.0,50.0,74.95142818640116,50.0,100.0,0.0,0.0,0.0,0.91990054
rsi_divergence,BZAIW,2025-05-29,2025-10-15,139,0.2017,1.41,9915,11964.3144945,598.2589489340605,15.9800055,1999.8555,13980.15,TECHNOLOGY,29.425129074218848,50.0,25.713763424480533,13.057609247471392,50.0,50.0,50.0,0.0,22.446492497526364,100.0,0.0,0.0,72.5422735970633,0.9512415
rsi_divergence,CNI,2025-08-07,2025-10-15,69,92.49,97.13,21,93.45798000000003,4.8117418099254,3.98202,1942.29,2039.73,INDUSTRIALS,65.58113533105549,50.0,92.38733031674208,54.68622448979591,50.0,50.0,50.0,100.0,74.62443438914025,100.0,100.0,81.12244897959181,0.0,0.9614237
rsi_divergence,ASO,2025-09-22,2025-10-15,23,46.25,54.43,43,347.4107599999997,17.468799999999987,4.32924,1988.75,2340.49,CONSUMER CYCLICAL,26.532013366911595,42.7887455481402,14.403531954375152,22.52518173847508,28.463467237839986,36.37486071674157,65.66587030030524,17.997703982877756,24.0148345374135,0.0,14.202094212038944,31.611635053049085,24.53617845914925,0.9129628
rsi_divergence,KVACW,2025-09-25,2025-10-16,21,0.0601,0.0798,33277,650.9014476999998,32.54592346089849,4.6554523,1999.9477,2655.5046,FINANCIAL SERVICES,30.771455111792104,50.0,2.0347124599760638,40.0,50.0,50.0,50.0,7.266830214200226,0.0,0.0,100.0,0.0,0.0,0.9205634
rsi_divergence,NEWTI,2025-09-15,2025-10-16,31,24.88,25.28,80,27.98720000000023,1.406109324758854,4.0128,1990.4,2022.4,OTHER,55.74350672485027,50.0,,66.8926668377949,50.0,50.0,50.0,,,,79.69645572581466,100.0,56.062242709874205,0.95818776
rsi_divergence,RDZNW,2025-09-25,2025-10-17,22,0.058,0.1033,34482,1556.4726534,77.82534482758619,5.561946600000001,1999.956,3561.9906,TECHNOLOGY,29.48433889560194,50.0,23.57329338190846,15.309270822271024,50.0,50.0,50.0,1.2564752369844363,50.0,60.57847769310866,0.0,44.64634874075712,40.40515582741525,0.95113045
rsi_divergence,MIND,2025-09-17,2025-10-20,33,8.06,10.9,248,699.6179200000001,35.00049627791564,4.7020800000000005,1998.88,2703.2000000000003,TECHNOLOGY,54.36152243634706,93.21973574895718,1.430917027458762,68.02002064744056,100.0,83.77534371328686,99.03199421214144,5.110417955209865,0.0,0.0,46.12307351964669,65.23597079860627,100.0,0.91756743
rsi_divergence,KEN,2025-09-25,2025-10-20,25,41.77,50.02,47,383.43587,19.531266459181232,4.3141300000000005,1963.19,2350.94,UTILITIES,48.41239073322183,50.0,70.0,25.918796274181844,50.0,50.0,50.0,100.0,100.0,0.0,22.169811320754537,23.207547169811093,33.62869198312234,0.91232467
rsi_divergence,ZGN,2025-08-11,2025-10-20,70,7.71,10.52,259,723.0684299999997,36.20972762645913,4.72157,1996.89,2724.68,CONSUMER CYCLICAL,35.2200212617273,42.75804568989679,49.98549084379964,13.572512369433747,31.428627258754,25.916341255896143,76.54307003304044,57.25451686479712,90.27894699293596,0.0,0.0,53.22553870366177,0.0,0.92919225
rsi_divergence,ALE,2025-09-08,2025-10-20,42,63.38,67.39,31,120.25613000000016,6.120590091511526,4.05387,1964.78,2089.09,UTILITIES,26.689373333333315,50.0,24.5,6.1893333333332805,50.0,50.0,50.0,50.0,50.0,0.0,11.133333333333232,5.786666666666624,0.0,0.9245525
rsi_divergence,TWST,2025-09-04,2025-10-21,47,25.63,33.39,78,600.6764400000002,30.046742099102623,4.60356,1999.14,2604.42,HEALTHCARE,28.506061613741707,50.0,21.0,14.92959298159326,50.0,50.0,50.0,0.0,0.0,100.0,0.0,39.18229655889804,43.75988667217564,0.9420043
rsi_divergence,COYA,2025-06-17,2025-10-22,127,5.32,7.36,375,760.245,38.10751879699248,4.755000000000001,1995.0,2760.0,HEALTHCARE,23.202973449177065,50.0,1.766586209627468,18.0,50.0,50.0,50.0,6.309236462955243,0.0,0.0,0.0,0.0,100.0,0.94403416
rsi_divergence,EUDAW,2025-10-07,2025-10-22,15,0.09,0.12,22222,661.9933799999999,33.099999999999994,4.66662,1999.98,2666.64,REAL ESTATE,28.21789796817925,46.64580568551945,27.892937175161137,10.64739065927841,0.0,50.0,88.81935228506484,5.511818814881392,25.474418604735007,100.0,0.0,9.1521703293245,50.0,0.91677356
rsi_divergence,NGVC,2025-09-15,2025-10-23,38,36.05,40.74,55,253.7265500000005,12.79669902912624,4.22345,1982.75,2240.7000000000003,CONSUMER DEFENSIVE,41.1783697136311,50.0,,24.05402856950324,50.0,50.0,50.0,,,,0.0,11.82457659137077,68.35551864030668,0.9196787
rsi_divergence,MYSEW,2025-09-19,2025-10-24,35,0.0591,0.26,33840,6787.657656,339.39238578680204,10.798343999999998,1999.944,8798.4,TECHNOLOGY,24.172100112471483,50.0,11.29243750121986,11.604693344320376,50.0,50.0,50.0,6.520203271548744,12.639338913718396,32.44056863478738,0.0,0.0,64.47051857955765,0.9439979
rsi_divergence,EA,2025-07-29,2025-10-24,87,147.79,200.84,13,685.1178100000001,35.65963191014278,4.53219,1921.27,2610.92,COMMUNICATION SERVICES,38.919263543738026,50.0,43.80263591367879,23.424687330070675,50.0,50.0,50.0,55.17264817835779,72.44525547445221,0.0,12.248504622077196,61.750951604132666,0.0,0.9442632
rsi_divergence,ABNB,2025-09-30,2025-10-27,27,121.42,129.07,16,118.39215999999986,6.09414429253829,4.00784,1942.72,2065.12,CONSUMER CYCLICAL,75.01525650250316,50.0,89.77659178002283,84.96759180910476,50.0,50.0,50.0,100.0,74.34497816593883,91.57699443413728,100.0,100.0,49.89197269701586,0.92831427
rsi_divergence,SHMD,2025-06-04,2025-10-28,146,2.41,4.19,829,1470.1486000000002,73.58506224066392,5.4714,1997.89,3473.51,INDUSTRIALS,39.12,50.0,,18.0,50.0,50.0,50.0,14.890603732297286,,0.0,0.0,0.0,100.0,0.9281112
rsi_divergence,BVFL,2025-10-16,2025-10-28,12,14.63,16.79,136,289.48688,14.54941900205058,4.2731200000000005,1989.68,2283.44,FINANCIAL SERVICES,72.26665876067983,50.0,86.36399167107908,80.1957103212463,50.0,50.0,50.0,65.90997917769768,100.0,100.0,100.0,100.0,33.985701070820994,0.9392253
rsi_divergence,ES,2025-09-03,2025-10-28,55,63.3,74.88,31,354.6964199999998,18.07554502369668,4.28358,1962.3,2321.28,UTILITIES,39.010426755810805,50.0,26.5017251990973,40.484874823849104,50.0,50.0,50.0,50.0,59.53202475760618,0.0,32.06219338011549,71.92480438427619,20.275187188400192,0.92865723
rsi_divergence,AEMD,2025-06-06,2025-10-29,145,0.3299,5.75,6062,32819.7898462,1641.1094574113367,36.8563538,1999.8538,34856.5,HEALTHCARE,34.03394008397539,50.0,1.6180002544708687,,50.0,50.0,50.0,5.77857233739596,0.0,0.0,,,100.0,0.9440556
rsi_divergence,RWTO,2025-09-03,2025-10-30,57,23.94,25.249,83,104.56431299999971,5.262368421052617,4.082687,1987.02,2095.667,NONE,50.0,50.0,,,50.0,50.0,50.0,0.0,0.0,,0.0,,,0.9132065
rsi_divergence,MDCXW,2025-09-08,2025-10-31,53,0.525,1.0977,3809,2175.2334356999995,108.77662857142852,6.1808643,1999.725,4181.1393,HEALTHCARE,29.60361434444233,50.0,21.162467710431315,18.0,50.0,50.0,50.0,0.5802418229689823,0.0,100.0,0.0,0.0,100.0,0.9434799
rsi_divergence,SONM,2025-07-18,2025-10-31,105,0.6902,11.605,2897,31584.5564056,1579.6152999130686,35.6191944,1999.5094,33619.685,TECHNOLOGY,31.503492630814176,50.0,31.394682203493574,13.656610304886168,50.0,50.0,50.0,0.3773365041548294,48.99537134442963,100.0,0.0,0.0,75.8700572493676,0.9487773
rsi_divergence,IRS,2025-09-18,2025-10-31,43,11.52,15.5,173,683.86554,34.3140625,4.67446,1992.96,2681.5,REAL ESTATE,72.10402166876048,50.0,94.09229372604398,72.21636687989987,50.0,50.0,50.0,100.0,80.30764575347993,100.0,100.0,99.86810541137206,50.0,0.9659264
rsi_divergence,CAMP,2025-07-01,2025-10-31,122,1.35,4.16,1481,4153.44969,207.73999999999995,8.16031,1999.35,6160.96,HEALTHCARE,28.22070556675166,50.0,17.553945565581515,17.435010382675767,50.0,50.0,50.0,0.0,12.14484402940838,71.44537294955123,0.0,50.0,63.954316226638994,0.9509008
rsi_divergence,CGEM,2025-10-02,2025-10-31,29,5.75,8.66,347,1004.76973,50.35808695652174,5.00027,1995.25,3005.02,HEALTHCARE,29.703114095607603,50.0,23.40082987551882,16.120118343195262,50.0,50.0,50.0,0.0,11.432523216756302,100.0,0.0,0.0,89.55621301775146,0.9479184
rsi_divergence,DT,2025-09-23,2025-10-31,38,47.77,50.57,41,110.76805999999972,5.6555578815155805,4.03194,1958.57,2073.37,TECHNOLOGY,58.1976548796174,50.0,61.5367895167947,62.913277467868085,50.0,50.0,50.0,39.11757517556239,52.96586482189913,100.0,32.955974397032165,69.55113810091743,96.21848759593333,0.96035194
rsi_divergence,DOV,2025-08-08,2025-10-31,84,173.52,181.46,11,83.43522000000014,4.371265560165982,3.90478,1908.72,1996.06,INDUSTRIALS,56.645025325425934,50.0,77.90759816017959,42.45740568401962,50.0,50.0,50.0,88.54396823433552,95.24016874395664,46.39320081086132,47.67062301687181,51.45023849274315,26.513616431493176,0.92149806
rsi_divergence,NUTX,2025-06-20,2025-11-03,136,113.89,131.71,17,298.76480000000004,15.431029941171309,4.1752,1936.13,2239.07,HEALTHCARE,75.1996898851398,50.0,100.0,75.58732319158764,50.0,50.0,50.0,100.0,100.0,100.0,78.49920090812645,97.29214276112351,50.0,0.91468567
rsi_divergence,NOVT,2025-10-10,2025-11-03,24,99.96,135.86,20,713.2836000000004,35.67845138055225,4.7164,1999.2,2717.2000000000003,TECHNOLOGY,27.692001624707995,50.0,18.033012534038143,15.41502202492767,50.0,50.0,50.0,11.67764052192316,44.53985441756294,0.0,0.0,38.57577188140514,12.80763486835376,0.9361739
rsi_divergence,LEDS,2025-07-29,2025-11-03,97,1.8,3.3,1111,1660.8339,83.05,5.6661,1999.8,3666.3,TECHNOLOGY,38.202,50.0,,15.3,50.0,50.0,50.0,,,,0.0,0.0,100.0,0.9443486
rsi_divergence,LANDP,2025-08-26,2025-11-05,71,19.0917,19.77,104,66.50158320000007,3.3492999575731903,4.0416168,1985.5368,2056.08,REAL ESTATE,32.6617956698239,50.0,31.5,16.961163734776175,50.0,50.0,50.0,0.0,50.0,100.0,0.0,94.2286874154232,0.0,0.963434
rsi_divergence,AKO-B,2025-07-24,2025-11-05,104,22.15,27.28,90,457.2513000000005,22.937110609480843,4.4487000000000005,1993.5,2455.2000000000003,CONSUMER DEFENSIVE,46.18284684420794,50.0,,38.77307895355277,50.0,50.0,50.0,0.0,,0.0,10.720339809637172,34.70908313746546,80.24072696152754,0.9162884
rsi_divergence,ENVB,2025-10-23,2025-11-05,13,0.6123,7.24,3266,21620.422588200003,1081.144487996081,25.6456118,1999.7718,23645.84,HEALTHCARE,41.31546084916796,50.0,23.683214694448377,,50.0,50.0,50.0,5.360326441687279,5.63011090845687,100.0,,,100.0,0.9377704
rsi_divergence,FSEA,2025-08-15,2025-11-05,82,11.205,11.71,178,85.8111300000001,4.302409638554222,4.07887,1994.49,2084.38,FINANCIAL SERVICES,50.74685881217841,50.0,67.17745647117374,35.524406402032554,50.0,50.0,50.0,17.943641177934346,100.0,100.0,1.3798701298665603,41.659902597393575,74.91495856955952,0.91739196
rsi_divergence,BMRC,2025-10-16,2025-11-07,22,22.7,26.39,88,320.40008000000023,16.039251101321597,4.319920000000001,1997.6,2322.32,FINANCIAL SERVICES,68.43809589666003,50.0,83.94776278359876,71.28039464138949,50.0,50.0,50.0,69.57257993750254,100.0,87.06243602865916,71.3167728889888,78.39002789935503,64.12225705329155,0.95185643
rsi_divergence,ROOT,2025-05-29,2025-11-10,165,125.32,90.86,15,-520.1426999999999,-27.67010852218321,3.2427,1879.8,1362.9,FINANCIAL SERVICES,41.144048807786405,50.0,65.40620850844365,9.0,50.0,50.0,50.0,74.6325425477049,50.0,68.51063829787233,0.0,0.0,50.0,0.9133958
rsi_divergence,ISRG,2025-09-17,2025-11-10,54,433.66,576.2,4,566.1205600000001,32.63619886547065,4.039440000000001,1734.64,2304.8,HEALTHCARE,81.43927478123453,50.0,95.4088586030664,98.39515130065476,50.0,50.0,50.0,100.0,84.6961953435547,100.0,100.0,100.0,94.65050433551583,0.9576701
rsi_divergence,ALFUW,2025-07-28,2025-11-10,105,0.3,0.4201,6666,795.7864133999999,39.7933,4.8001866,1999.8,2800.3866,FINANCIAL SERVICES,41.0997236234626,50.0,23.02946552564424,,50.0,50.0,50.0,7.248091163015149,0.0,100.0,,,0.0,0.94677913
rsi_divergence,OKYO,2025-08-27,2025-11-11,76,2.26,2.76,884,437.5623199999998,21.901769911504417,4.43768,1997.84,2439.84,HEALTHCARE,42.14653246597687,50.92375874495487,25.27785478830837,,3.079195816516211,50.0,100.0,4.982602441965495,13.727267164562058,100.0,,,100.0,0.9544333
rsi_divergence,TFSL,2025-09-25,2025-11-11,47,13.11,13.95,152,123.5668800000003,6.200915331807796,4.11312,1992.72,2120.4,FINANCIAL SERVICES,33.85873913948018,50.0,0.0,51.05511511611816,50.0,50.0,50.0,0.0,0.0,0.0,37.73466078546785,47.27388110841892,72.59695489801783,0.9701938
rsi_divergence,BBNX,2025-10-23,2025-11-11,19,20.015,28.82,99,866.8603349999997,43.748013989507854,4.834665,1981.485,2853.18,HEALTHCARE,26.67196383711176,50.0,4.054589536743925,25.98220379407725,50.0,50.0,50.0,0.0,5.716447322121948,13.591121900468172,0.0,44.34557663376255,100.0,0.9544394
rsi_divergence,BCH,2025-07-31,2025-11-12,104,27.32,37.36,73,728.1983599999996,36.51288433382136,4.72164,1994.36,2727.28,FINANCIAL SERVICES,44.15012558657224,50.0,21.0,60.94154584285953,50.0,50.0,50.0,0.0,0.0,100.0,100.0,83.97193818841893,21.68118276397138,0.97266924
rsi_divergence,BFH,2025-10-06,2025-11-12,37,54.77,63.96,36,326.56571999999994,16.562479459558148,4.27428,1971.72,2302.56,FINANCIAL SERVICES,66.79898733213187,50.0,100.0,50.8793745062702,50.0,50.0,50.0,100.0,100.0,100.0,54.59356477561382,43.67485182049106,53.13164349959118,0.91795564
rsi_divergence,PLNT,2025-08-14,2025-11-13,91,104.84,107.11,19,39.10294999999988,1.9630389164441,4.02705,1991.96,2035.09,CONSUMER CYCLICAL,63.356485599513945,50.0,77.26453273011525,62.821146466399725,50.0,50.0,50.0,100.0,88.001679567693,36.21342953269114,64.04175937277668,74.89518495814966,86.07323966795096,0.96869546
rsi_divergence,HSIC,2025-07-31,2025-11-13,105,67.65,73.34,29,160.92129,8.202527716186252,4.088710000000001,1961.85,2126.86,HEALTHCARE,46.76447870114453,50.0,74.51883336788997,16.686069675708357,50.0,50.0,50.0,50.52785265049416,100.0,81.02564102564102,0.0,13.203054806828373,42.417177445532815,0.90404797
rsi_divergence,YPF,2025-09-03,2025-11-14,72,29.55,38.67,67,606.4692600000002,30.63208121827412,4.570740000000001,1979.85,2590.8900000000003,ENERGY,32.093278257329416,50.0,43.40243902439024,3.736686409648931,50.0,50.0,50.0,100.0,11.34146341463413,0.0,0.0,24.422786991169488,0.0,0.9222643
rsi_divergence,BWIN,2025-09-15,2025-11-17,63,30.08,27.97,66,-143.0913,-7.207613031914893,3.8313,1985.28,1846.02,FINANCIAL SERVICES,32.781669906136095,50.0,37.12699470249696,11.852240159741458,50.0,50.0,50.0,55.31748675624238,50.0,0.0,0.0,0.0,77.4656219590945,0.92505616
rsi_divergence,GPOR,2025-07-21,2025-11-19,121,168.42,212.06,11,475.85472,25.685500534378345,4.18528,1852.62,2332.66,ENERGY,71.31189474129899,50.0,91.6572567918151,72.25,50.0,50.0,50.0,100.0,72.19085597271702,100.0,100.0,100.0,50.0,0.95377135
rsi_divergence,UBFO,2025-06-17,2025-11-21,157,8.09,9.97,247,459.8991800000001,23.01532756489494,4.46082,1998.23,2462.59,FINANCIAL SERVICES,64.40725063162738,50.0,77.28477778714374,65.89198224079395,50.0,50.0,50.0,63.60590687530191,100.0,72.80805012340991,100.0,100.0,25.066597022721343,0.9559234
rsi_divergence,SFST,2025-10-17,2025-11-25,39,41.15,51.1,48,473.1720000000004,23.95565006075336,4.428,1975.2,2452.8,FINANCIAL SERVICES,57.13333810173389,50.0,58.49117419454674,62.73897240451016,50.0,50.0,50.0,71.22793548636686,100.0,0.0,48.92551121428202,68.29216877752188,75.60372428513598,0.9679139
rsi_divergence,STRRP,2025-09-17,2025-11-25,69,9.01,10.126,221,242.40694399999995,12.1738512763596,4.229056,1991.21,2237.846,INDUSTRIALS,25.74591181173364,50.0,11.64131110761484,15.894938665355136,50.0,50.0,50.0,4.076111098624438,50.0,0.0,0.0,28.76206759940671,59.54314720812183,0.9272115
rsi_divergence,SELF,2025-07-09,2025-11-25,139,5.32,5.17,375,-60.18375,-3.0167293233082706,3.93375,1995.0,1938.75,REAL ESTATE,54.58181186562052,50.0,64.09566346093538,49.79483212797599,50.0,50.0,50.0,58.39092006846212,100.0,35.79765144516848,51.92337501249293,85.16455645971175,11.587050616884287,0.9241638
rsi_divergence,BCAL,2025-10-17,2025-11-25,39,15.99,19.5,125,434.31375,21.729268292682928,4.43625,1998.75,2437.5,FINANCIAL SERVICES,38.18868152474639,50.0,0.0,63.79023977866585,50.0,50.0,50.0,0.0,0.0,0.0,100.0,100.0,16.824469720258232,0.92951554
rsi_divergence,FOA,2025-10-07,2025-11-26,50,22.0,23.97,90,173.16269999999972,8.745590909090895,4.1373,1980.0,2157.3,FINANCIAL SERVICES,32.470757485229555,50.0,31.5,16.399286721263405,50.0,50.0,50.0,0.0,50.0,100.0,0.0,100.0,7.184880531133389,0.9343156
rsi_divergence,AP,2025-08-29,2025-11-26,89,2.72,2.69,735,-26.026350000000186,-1.301838235294127,3.97635,1999.2,1977.15,INDUSTRIALS,24.86160157955938,50.0,14.698672722879673,10.326587002967909,50.0,50.0,50.0,12.707832160388392,32.05179952908105,0.0,0.0,0.0,67.49403269913667,0.93464106
rsi_divergence,CVU,2025-11-13,2025-11-26,13,2.05,2.84,975,765.4822500000002,38.29804878048782,4.76775,1998.75,2769.0,INDUSTRIALS,30.08993551245389,50.0,18.062963260213635,22.43869893112764,50.0,50.0,50.0,7.657408150534084,50.0,0.0,3.898388726157096,11.150622379805448,58.447189089077234,0.92669827
rsi_divergence,TDG,2025-08-15,2025-11-28,105,1387.88,1360.17,1,-30.45805000000004,-2.19457373836355,2.74805,1387.88,1360.17,INDUSTRIALS,67.7918432265456,50.0,57.60198913139025,94.95054945054946,50.0,50.0,50.0,89.51066885514976,66.55737704918026,6.101694915254241,100.0,100.0,83.16849816849818,0.93378115
rsi_divergence,CRK,2025-08-18,2025-11-28,102,15.03,26.86,133,1567.8186300000002,78.4305389221557,5.57137,1998.99,3572.38,ENERGY,51.22835935431365,50.0,44.215089806349305,59.22758740652466,50.0,50.0,50.0,50.0,43.88138003023479,100.0,98.5161786543127,50.91014378062098,50.0,0.9682967
rsi_divergence,KO,2025-07-31,2025-11-28,120,67.89,73.12,29,147.58071000000007,7.495934600088382,4.08929,1968.81,2120.48,CONSUMER DEFENSIVE,65.22067592922966,50.0,67.96672077922076,77.32840609437292,50.0,50.0,50.0,100.0,93.22240259740258,0.0,100.0,100.0,69.91531801714872,0.9618859
rsi_divergence,EQT,2025-07-28,2025-11-28,123,51.91,60.86,38,335.8147399999999,17.02413793103448,4.28526,1972.58,2312.68,ENERGY,64.95738179227482,50.0,91.74804358862198,53.472139435381074,50.0,50.0,50.0,100.0,72.49347862873996,100.0,67.12870181760124,70.18972869567314,50.0,0.95748115
rsi_divergence,YDKG,2025-10-07,2025-12-01,55,3.15,1.79,634,-865.3719599999998,-43.33142857142857,3.1319600000000003,1997.1,1134.86,COMMUNICATION SERVICES,43.4,30.0,,,0.0,0.0,100.0,,,,,,,0.9234344
rsi_divergence,ING,2025-10-21,2025-12-02,42,23.66,26.62,84,244.41647999999984,12.298055790363476,4.22352,1987.44,2236.08,FINANCIAL SERVICES,50.0,50.0,,,50.0,50.0,50.0,14.890603732297286,,,100.0,,15.0531914893617,0.9321647
rsi_divergence,NFG,2025-11-06,2025-12-03,27,77.99,82.56,25,110.23625000000024,5.653865880241068,4.01375,1949.75,2064.0,ENERGY,51.14993711476366,50.0,33.15445823024419,69.73225264347963,50.0,50.0,50.0,50.0,56.65476961874568,34.55693623955999,92.59486071611651,100.0,50.0,0.95391357
rsi_divergence,BBT,2025-10-16,2025-12-03,48,23.27,26.02,85,229.56034999999977,11.605973356252674,4.18965,1977.95,2211.7,FINANCIAL SERVICES,42.86271397344749,50.0,28.371860525598425,,50.0,50.0,50.0,33.42965131399606,50.0,0.0,0.0,,0.0,0.9110368
rsi_divergence,CBRE,2025-11-06,2025-12-03,27,149.99,162.28,13,155.71048999999977,7.985685712380813,4.05951,1949.87,2109.64,REAL ESTATE,52.78929146998152,50.0,83.06200038993956,26.114209827357232,50.0,50.0,50.0,57.655000974848896,100.0,100.0,0.0,0.0,87.04736609119078,0.91785616
rsi_divergence,PW,2025-10-29,2025-12-04,36,0.69,1.01,2898,922.4334,46.1304347826087,4.9266,1999.62,2926.98,REAL ESTATE,55.300814088760376,50.0,53.16961698854466,62.514236713354805,50.0,50.0,50.0,57.92404247136166,100.0,0.0,100.0,75.04745571118269,0.0,0.9578464
rsi_divergence,WWD,2025-09-17,2025-12-05,79,237.49,303.45,8,523.3524799999998,27.5460272011453,4.32752,1899.92,2427.6,INDUSTRIALS,67.54403358338193,50.0,98.44282522024304,54.58206253147565,50.0,50.0,50.0,96.10706305060762,100.0,100.0,44.13894202945141,30.13849591666124,92.9497898156557,0.96086586
rsi_divergence,XCUR,2025-09-17,2025-12-09,83,3.55,7.29,563,2099.517080000001,105.04676056338032,6.10292,1998.65,4104.27,HEALTHCARE,33.16439046840106,50.0,31.952698389094124,18.0,50.0,50.0,50.0,3.5787208719842707,47.384078785421565,100.0,0.0,0.0,100.0,0.9379359
rsi_divergence,SLI,2025-11-13,2025-12-09,26,3.18,4.85,628,1043.7171599999997,52.26320754716978,5.04284,1997.04,3045.8,BASIC MATERIALS,16.914792443700733,50.0,1.2569467990931262,0.0,50.0,50.0,50.0,4.48909571104688,0.0,0.0,0.0,0.0,0.0,0.9322978
rsi_divergence,XTLB,2025-12-10,2025-12-10,0,0.8335,0.8335,2399,-3.999133000000001,-0.2,3.999133000000001,1999.5665,1999.5665,HEALTHCARE,33.0,50.0,,0.0,50.0,50.0,50.0,14.890603732297286,,,0.0,0.0,0.0,0.90857995
rsi_mean_reversion,YB,2025-06-04,2025-06-20,16,15.45,20.42,129,636.5027700000003,31.936116504854382,4.62723,1993.05,2634.1800000000003,TECHNOLOGY,61.900000000000006,50.0,,85.0,50.0,50.0,50.0,79.17805658342807,,50.0,100.0,100.0,50.0,0.90146524
rsi_mean_reversion,VERI,2025-06-03,2025-07-24,51,1.49,2.54,1342,1403.69174,70.1993288590604,5.40826,1999.58,3408.68,TECHNOLOGY,24.477137995965958,50.0,0.9554687500002303,22.534803848429043,50.0,50.0,50.0,0.0,4.5498511904772885,0.0,0.0,31.584415138400423,93.60893957509428,0.90368503
rsi_mean_reversion,LXEH,2025-07-07,2025-08-04,28,1.396,2.1,1432,1003.1217280000004,50.17936962750719,5.006272000000001,1999.072,3007.2000000000003,CONSUMER DEFENSIVE,37.59635018638394,50.0,,13.518677018776298,50.0,50.0,50.0,14.890603732297286,,,0.0,0.0,88.3573661357928,0.919721
rsi_mean_reversion,BTAI,2025-06-02,2025-08-14,73,1.32,4.75,1515,5187.25395,259.38863636363635,9.19605,1999.8,7196.25,HEALTHCARE,24.32400572324781,50.0,15.827290070447924,7.649999999999999,50.0,50.0,50.0,0.0,5.388858335221452,69.97918961929247,0.0,0.0,50.0,0.91665083
rsi_mean_reversion,ACA,2025-06-23,2025-08-14,52,86.83,97.12,23,232.4391500000003,11.638892087988038,4.23085,1997.09,2233.76,INDUSTRIALS,61.35862523714268,50.0,89.29735649776447,45.26616939082472,50.0,50.0,50.0,87.82589621459007,100.0,80.55666003976143,20.750814740536416,23.21947831536719,100.0,0.9103688
rsi_mean_reversion,GH,2025-08-01,2025-08-19,18,41.42,58.57,48,818.40048,41.16371318203767,4.79952,1988.16,2811.36,HEALTHCARE,23.38084410405691,50.0,1.183126425133011,19.08944818753828,50.0,50.0,50.0,0.0,0.0,5.633935357776243,0.0,50.0,56.05248993076823,0.90779495
rsi_mean_reversion,NWE,2025-06-23,2025-08-20,58,51.73,57.5,38,215.1092600000002,10.942915136284563,4.15074,1965.74,2185.0,UTILITIES,40.46409284488351,50.0,26.283350528654537,44.972315207139744,50.0,50.0,50.0,50.0,56.49871381589648,1.9934315586489613,24.40276830201149,81.49403543591959,35.8766575185309,0.93790454
rsi_mean_reversion,VNTG,2025-07-02,2025-08-21,50,4.13,5.32,484,571.3862000000003,28.58474576271188,4.5738,1998.92,2574.88,INDUSTRIALS,54.23535274593898,62.83440226042117,,,42.781340868070565,50.0,100.0,,,,,,,0.91282016
rsi_mean_reversion,ACHV,2025-05-30,2025-08-26,88,3.58,3.12,558,-260.4186000000001,-13.036312849162016,3.7386,1997.64,1740.96,HEALTHCARE,25.87484824008636,50.0,15.27206976574259,12.750191815856777,50.0,50.0,50.0,0.0,14.23204764213276,58.49209409949864,0.0,0.0,70.8343989769821,0.90091455
rsi_mean_reversion,AER,2025-08-01,2025-09-04,34,108.37,122.6,18,251.98253999999963,12.917809356833052,4.15746,1950.66,2206.8,INDUSTRIALS,64.97070921079236,50.0,57.95977728836765,86.30583148715007,50.0,50.0,50.0,100.0,59.86592429455883,0.0,100.0,99.95917653849789,54.39359508533573,0.912466
rsi_mean_reversion,OMDA,2025-06-25,2025-09-09,76,17.54,23.5,114,674.7614400000001,33.745496009122014,4.67856,1999.56,2679.0,HEALTHCARE,33.09088504896764,50.0,31.729954693841336,18.0,50.0,50.0,50.0,41.82488673460334,50.0,0.0,0.0,50.0,50.0,0.9241601
rsi_mean_reversion,AAUC,2025-07-11,2025-09-09,60,13.57,15.12,147,223.6325699999999,11.2108327192336,4.21743,1994.79,2222.64,BASIC MATERIALS,49.33195728188889,50.0,75.67606531362404,23.114281554096912,50.0,50.0,50.0,100.0,18.92021771208013,100.0,0.0,78.41267530053841,50.0,0.96719146
rsi_mean_reversion,ZGN,2025-08-04,2025-09-19,46,7.86,9.5,254,412.1505599999999,20.6442748091603,4.40944,1996.44,2413.0,CONSUMER CYCLICAL,35.2200212617273,42.75804568989679,49.98549084379964,13.572512369433747,31.428627258754,25.916341255896143,76.54307003304044,57.25451686479712,90.27894699293596,0.0,0.0,53.22553870366177,0.0,0.91908056
rsi_mean_reversion,FCAP,2025-08-04,2025-09-22,49,35.54,45.09,56,530.28472,26.64425998874508,4.515280000000001,1990.24,2525.04,FINANCIAL SERVICES,54.70734616569536,50.0,67.61317019907683,46.75,50.0,50.0,50.0,64.9332856417497,100.0,38.79951980792317,100.0,0.0,50.0,0.9160171
rsi_mean_reversion,VCIG,2025-07-25,2025-09-24,61,1.23,8.05,1626,11074.23072,553.7170731707317,15.089280000000002,1999.98,13089.3,INDUSTRIALS,44.27058073203091,50.0,70.0,13.737002153032073,50.0,50.0,50.0,100.0,100.0,0.0,36.13201915595535,5.694571137283334,0.0,0.90503484
rsi_mean_reversion,ADEA,2025-06-20,2025-09-25,97,13.74,16.66,145,418.9919999999999,21.03056768558952,4.408,1992.3,2415.7,TECHNOLOGY,57.54599637144251,50.0,78.96791450864256,44.07818995173666,50.0,50.0,50.0,63.10605390194813,100.0,79.0849764928777,25.538705503840774,100.0,12.875692500667837,0.9022007
rsi_mean_reversion,ICU,2025-07-02,2025-09-25,85,0.5602,0.6083,3570,167.54545499999963,8.377632988218474,4.171545,1999.914,2171.631,HEALTHCARE,24.13679519327501,50.0,7.378167252348511,15.3,50.0,50.0,50.0,3.58274018694702,30.35714285715879,0.0,0.0,50.0,50.0,0.91288024
rsi_mean_reversion,ACLS,2025-06-09,2025-09-29,112,67.61,96.7,29,838.8450100000001,42.78315337967757,4.764990000000001,1960.69,2804.3,TECHNOLOGY,51.877523982224645,50.0,79.95508750992144,26.44807383514872,50.0,50.0,50.0,90.57545023430416,100.0,45.74969138733264,35.82551928505526,40.39288707042205,0.0,0.9231806
rsi_mean_reversion,ADCT,2025-05-30,2025-09-30,123,3.09,4.0,647,584.18277,29.220388349514565,4.58723,1999.23,2588.0,HEALTHCARE,25.73022243427527,50.0,18.012452272685884,9.665038777320383,50.0,50.0,50.0,0.0,11.164136112874973,74.6094461380102,0.0,50.0,13.170188087061335,0.9150324
rsi_mean_reversion,GSHR,2025-08-18,2025-10-03,46,10.15,10.15,197,-3.9991,-0.2,3.9991,1999.55,1999.55,FINANCIAL SERVICES,50.0,50.0,,,50.0,50.0,50.0,7.238307145567078,0.0,,,,,0.90025747
rsi_mean_reversion,LEDS,2025-07-23,2025-10-07,76,2.08,2.52,961,418.4193999999997,20.93269230769229,4.4206,1998.88,2421.72,TECHNOLOGY,38.202,50.0,,15.3,50.0,50.0,50.0,,,,0.0,0.0,100.0,0.9058449
rsi_mean_reversion,AQN,2025-10-01,2025-10-09,8,5.71,5.8,350,27.4715,1.374605954465849,4.0285,1998.5,2030.0,UTILITIES,34.75064290196393,50.0,19.491013980013424,34.7606126134103,50.0,50.0,50.0,29.803071906641428,53.07692307692299,0.0,8.379097305646074,91.38149991419246,13.315079056313763,0.92040074
rsi_mean_reversion,BIP,2025-08-04,2025-10-09,66,31.57,34.0,63,148.95908999999992,7.489483687044658,4.13091,1988.91,2142.0,UTILITIES,35.31831050074234,50.0,26.50774058577405,29.61987090422617,50.0,50.0,50.0,50.0,59.56066945606693,0.0,11.82008368200836,46.217573221757306,36.75521821631879,0.9183143
rsi_mean_reversion,EXEEL,2025-09-10,2025-10-10,30,83.4901,93.1195,23,217.4141792000003,11.322049440592371,4.0620208,1920.2723,2141.7485,ENERGY,66.43957437191393,50.0,91.29806451612902,58.26827376938637,50.0,50.0,50.0,100.0,70.99354838709674,100.0,67.21173297370193,88.88739042481455,50.0,0.91062033
rsi_mean_reversion,IBN,2025-10-01,2025-10-20,19,30.54,31.0,65,25.89990000000009,1.30471512770138,4.0001,1985.1,2015.0,FINANCIAL SERVICES,54.9939404918887,50.0,,64.68806027026088,50.0,50.0,50.0,14.890603732297286,,0.0,62.70583160716716,90.07336507123956,41.94572702007382,0.90883905
rsi_mean_reversion,WSBCP,2025-08-04,2025-10-21,78,25.12,25.34,79,13.393659999999882,0.6749203821655991,3.98634,1984.48,2001.86,FINANCIAL SERVICES,65.99770290644099,50.0,98.47788759527572,,50.0,50.0,50.0,100.0,94.92629198425246,100.0,100.0,,75.09118729581078,0.9156148
rsi_mean_reversion,JACS,2025-06-26,2025-10-27,123,10.32,10.42,193,15.297179999999956,0.7680232558139513,4.00282,1991.76,2011.06,FINANCIAL SERVICES,50.0,50.0,,,50.0,50.0,50.0,,,,100.0,0.0,,0.9155676
rsi_mean_reversion,PEGA,2025-07-23,2025-10-28,97,58.01,65.49,34,250.12099999999992,12.68143423547664,4.199,1972.34,2226.66,TECHNOLOGY,57.011448964428695,50.0,86.73802022069266,34.9644185047062,50.0,50.0,50.0,74.40835190769624,89.91559819204721,100.0,31.855906647436584,50.0,44.64082448854024,0.9003741
rsi_mean_reversion,IRS,2025-09-10,2025-10-30,50,13.0,14.76,153,265.03271999999976,13.324923076923064,4.24728,1989.0,2258.28,REAL ESTATE,72.10402166876048,50.0,94.09229372604398,72.21636687989987,50.0,50.0,50.0,100.0,80.30764575347993,100.0,100.0,99.86810541137206,50.0,0.9246055
rsi_mean_reversion,ISRG,2025-07-25,2025-10-30,97,495.86,530.02,4,132.53647999999987,6.682152220384779,4.1035200000000005,1983.44,2120.08,HEALTHCARE,81.43927478123453,50.0,95.4088586030664,98.39515130065476,50.0,50.0,50.0,100.0,84.6961953435547,100.0,100.0,100.0,94.65050433551583,0.9215822
rsi_mean_reversion,TGS,2025-09-09,2025-11-03,55,22.22,30.5,90,740.4552,37.02646264626463,4.7448,1999.8,2745.0,ENERGY,79.84850407848833,50.0,91.97059259964588,97.05355447236818,50.0,50.0,50.0,100.0,73.23530866548629,100.0,100.0,90.17851490789393,100.0,0.92684644
rsi_mean_reversion,DAC,2025-10-03,2025-11-11,39,88.83,94.41,22,118.72872,6.075379939209726,4.031280000000001,1954.26,2077.02,INDUSTRIALS,60.23851399543747,50.0,60.78728139297803,69.64326804633743,50.0,50.0,50.0,100.0,69.29093797659345,0.0,100.0,100.0,39.777521750342856,0.9184834
rsi_mean_reversion,PUBM,2025-08-21,2025-11-12,83,8.5,9.565,235,246.0297250000001,12.316882352941182,4.245275,1997.5,2247.775,TECHNOLOGY,47.157055500791046,50.0,77.13653182057894,15.3,50.0,50.0,50.0,80.34132955144734,50.0,100.0,0.0,50.0,50.0,0.93276155
rsi_mean_reversion,JKHY,2025-08-04,2025-11-13,101,170.48,165.27,11,-61.00324999999994,-3.25302088221492,3.69325,1875.28,1817.97,TECHNOLOGY,70.70705179193432,50.0,83.76640121665501,78.12982173658284,50.0,50.0,50.0,84.25930377920946,66.87559901657076,100.0,86.66241170832167,79.51861066045416,65.36424618372641,0.9158076
rsi_mean_reversion,FG,2025-10-14,2025-11-13,30,30.16,32.98,66,181.9527599999999,9.140782493368697,4.16724,1990.56,2176.68,FINANCIAL SERVICES,47.45068657239971,50.0,70.0,23.09025462470503,50.0,50.0,50.0,100.0,100.0,0.0,9.82880755608026,20.850059031877187,43.01237964236589,0.90691096
rsi_mean_reversion,SSL,2025-10-13,2025-11-19,37,5.8,7.3,344,511.4935999999998,25.636206896551712,4.506399999999999,1995.2,2511.2,BASIC MATERIALS,40.97662062160829,,,23.460648887083195,,,,,,,24.50811108854,45.524681505557325,0.0,0.9152659
rsi_mean_reversion,PRO,2025-06-24,2025-11-20,149,14.6,23.06,136,1145.43824,57.687260273972605,5.12176,1985.6,3136.16,TECHNOLOGY,41.21450096158735,50.0,59.74041720163585,14.706362603080937,50.0,50.0,50.0,36.85104300408962,50.0,100.0,0.0,50.0,31.70201446156077,0.91209334
rsi_mean_reversion,CRT,2025-08-06,2025-11-21,107,8.8572,8.82,225,-12.34737000000012,-0.6195772930497282,3.97737,1992.87,1984.5,ENERGY,50.0,50.0,,,50.0,50.0,50.0,14.890603732297286,,0.0,100.0,,50.0,0.9197064
rsi_mean_reversion,VRCA,2025-11-05,2025-12-01,26,3.45,7.55,579,2367.5309999999995,118.52173913043475,6.369000000000001,1997.55,4371.45,HEALTHCARE,34.15372214052791,50.0,41.870827287881696,11.28337981037339,50.0,50.0,50.0,67.17706821970424,50.0,0.0,0.0,62.68544339096328,0.0,0.9056877
rsi_mean_reversion,TSN,2025-10-10,2025-12-02,53,52.1,57.34,38,194.96128000000013,9.847523992322463,4.158720000000001,1979.8,2178.92,CONSUMER DEFENSIVE,31.995036232824003,50.0,43.18466898954699,3.6591043125691063,50.0,50.0,50.0,50.0,77.28222996515666,0.0,0.0,0.0,14.349428676741596,0.9079253
rsi_mean_reversion,HLF,2025-10-31,2025-12-04,34,8.0,12.08,250,1014.98,50.749,5.02,2000.0,3020.0,CONSUMER DEFENSIVE,53.59849610327163,50.0,85.89738556960037,25.742231956775026,50.0,50.0,50.0,64.74346392400092,100.0,100.0,0.0,59.28240559001333,26.52503426590342,0.9049874
williams_extremes,IBIO,2025-08-13,2025-08-26,13,0.729,0.7871,2743,155.2096377000001,7.761851851851856,4.1586623,1999.647,2159.0153,HEALTHCARE,30.49018392212221,50.0,26.630860370067293,15.3,50.0,50.0,50.0,1.7207925304536251,24.51923076923943,100.0,0.0,0.0,100.0,0.9083583
williams_extremes,CLF,2025-08-12,2025-08-29,17,9.91,10.75,201,164.68733999999992,8.2678102926337,4.15266,1991.91,2160.75,BASIC MATERIALS,25.476982472238447,50.0,20.74909298974318,6.264064075362352,50.0,50.0,50.0,0.0,3.4860557768925435,95.31914893617022,0.0,0.0,40.94159526380623,0.9096271
williams_extremes,CLF,2025-11-12,2025-12-05,23,11.03,12.29,181,223.83908,11.211967361740705,4.22092,1996.43,2224.49,BASIC MATERIALS,25.476982472238447,50.0,20.74909298974318,6.264064075362352,50.0,50.0,50.0,0.0,3.4860557768925435,95.31914893617022,0.0,0.0,40.94159526380623,0.9096271
williams_extremes,IBIO,2025-11-24,2025-12-05,11,1.11,1.2,1801,157.92968999999968,7.899999999999983,4.16031,1999.11,2161.2,HEALTHCARE,30.49018392212221,50.0,26.630860370067293,15.3,50.0,50.0,50.0,1.7207925304536251,24.51923076923943,100.0,0.0,0.0,100.0,0.9083583
