symbol_id,symbol,fiscal_date_ending,report_type,reported_currency,total_assets,total_current_assets,cash_and_cash_equivalents_at_carrying_value,cash_and_short_term_investments,inventory,current_net_receivables,total_non_current_assets,property_plant_equipment,accumulated_depreciation_amortization_ppe,intangible_assets,intangible_assets_excluding_goodwill,goodwill,investments,long_term_investments,short_term_investments,other_current_assets,other_non_current_assets,total_liabilities,total_current_liabilities,current_accounts_payable,deferred_revenue,current_debt,short_term_debt,total_non_current_liabilities,capital_lease_obligations,long_term_debt,current_long_term_debt,long_term_debt_noncurrent,short_long_term_debt_total,other_current_liabilities,other_non_current_liabilities,total_shareholder_equity,treasury_stock,retained_earnings,common_stock,common_stock_shares_outstanding,api_response_status,created_at,updated_at
5771,CHSCL,2010-11-30,quarterly,USD,9958184000.0,6489215000.0,264246000.0,264246000.0,2604020000.0,2228245000.0,3468969000.0,,,,,,,,,1392704000.0,,6228919000.0,4807937000.0,1804433000.0,,,1024367000.0,1420982000.0,,,,,1958018000.0,707801000.0,,3458850000.0,,959307000.0,2379476000.0,177262000.0,pass,2025-08-04 09:18:08.366953,2025-08-04 09:18:08.366953
8306,AXGN,2007-09-30,quarterly,USD,1132443.0,1013485.0,943398.0,943398.0,,,118958.0,,,47981.0,47981.0,,,,,70087.0,,214060.0,214060.0,29156.0,,,,29156.0,,,,,,184904.0,,918383.0,,-11321655.0,41760.0,4175000.0,pass,2025-08-04 09:33:51.420913,2025-08-04 09:33:51.420913
2005,LBTYB,2006-12-31,quarterly,USD,25569300000.0,3562500000.0,1880500000.0,1880500000.0,496100000.0,836800000.0,22006800000.0,,,1578300000.0,1578300000.0,9942600000.0,,,,349100000.0,,16410700000.0,3744700000.0,652400000.0,,,1384900000.0,12666000000.0,,,,,12230100000.0,1067300000.0,,7247100000.0,,-1020300000.0,4100000.0,485943888.0,pass,2025-08-04 08:52:11.927789,2025-08-04 08:52:11.927789
2873,UPST,2020-12-31,annual,USD,477255000.0,408867000.0,250819000.0,250819000.0,-19074000.0,19074000.0,68388000.0,22342000.0,,6000000.0,6000000.0,0.0,,,,158048000.0,,177003000.0,48113000.0,13775000.0,,,40494000.0,128890000.0,19432000.0,62626000.0,40494000.0,,82058000.0,34338000.0,,300252000.0,,-69222000.0,7000.0,26373668.0,pass,2025-08-04 08:58:28.175179,2025-08-04 08:58:28.175179
7809,AFJK,2024-09-30,quarterly,USD,72784615.0,123900.0,103559.0,103559.0,,,72660715.0,,,,,,,,72660715.0,20341.0,,920789.0,230789.0,,,,,690000.0,,,,,,230789.0,,-796889.0,,-797102.0,72660928.0,9026000.0,pass,2025-08-04 09:31:10.282650,2025-08-04 09:31:10.282650
1782,LXEO,2022-06-30,quarterly,USD,,,,,,,,,,,,,,,,,,,,,,,,,,,,,,,,,,,,25169328.0,pass,2025-08-04 08:50:50.432722,2025-08-04 08:50:50.432722
524,NOV,2005-12-31,quarterly,USD,6678500000.0,2998200000.0,209400000.0,209400000.0,1198300000.0,1481100000.0,3680300000.0,877600000.0,,2729200000.0,2729200000.0,2117699999.0,,,,109400000.0,,2459800000.0,1187200000.0,568200000.0,,,5700000.0,1272600000.0,,835600000.0,,,841300000.0,554700000.0,,4194200000.0,,829900000.0,1700000.0,349200000.0,pass,2025-08-04 11:39:51.969767,2025-08-04 11:39:51.969767
2729,MRCY,2008-12-31,quarterly,USD,341819000.0,207932000.0,37958000.0,37958000.0,21319000.0,25841000.0,133887000.0,9927000.0,,4050000.0,4050000.0,65295000.0,,,117882000.0,4932000.0,,208890000.0,199073000.0,10078000.0,,,156707000.0,9817000.0,,11000.0,,,156718000.0,19704000.0,,132929000.0,,22207000.0,222000.0,22121000.0,pass,2025-08-04 08:57:14.718398,2025-08-04 08:57:14.718398
4302,WHG,2011-03-31,quarterly,USD,72021000.0,55261000.0,4651000.0,4651000.0,1654000.0,8699000.0,16760000.0,485000.0,,4994000.0,4994000.0,11281000.0,,,39243000.0,40257000.0,,9558000.0,8286000.0,4680000.0,,,,1272000.0,,,,,,3605000.0,,62463000.0,-11346000.0,3607000.0,81000.0,7166577.0,pass,2025-08-04 12:01:31.520634,2025-08-04 12:01:31.520634
4677,SGC,2006-03-31,quarterly,USD,96081533.0,73196853.0,10107484.0,10107484.0,35412630.0,27676739.0,22884680.0,17267000.0,,1190794.0,1190794.0,1617411.0,,,,27677000.0,,15971672.0,11875903.0,6794405.0,,,1706013.0,4095769.0,,3296000.0,,,5001782.0,3375485.0,,80109861.0,,66378323.0,-1858892.0,14397506.0,pass,2025-08-04 09:10:45.994056,2025-08-04 09:10:45.994056
16250,BTCY,2015-06-30,quarterly,USD,28000.0,800.0,-448599.0,-448599.0,-9204.0,75493.0,27200.0,,,,,,,,897198.0,800.0,,262185.0,262185.0,172450.0,,,46235.0,180650.0,,,,,46235.0,-46235.0,,-234185.0,,-238685.0,4500.0,1500000.0,pass,2025-08-04 10:58:31.033367,2025-08-04 10:58:31.033367
12540,PHH,2001-09-30,quarterly,USD,9035000000.0,930000000.0,121000000.0,121000000.0,826000000.0,809000000.0,6577000000.0,195000000.0,,1949000000.0,1949000000.0,563000000.0,,,,,,7286000000.0,811000000.0,811000000.0,,,,6475000000.0,,5726000000.0,,,5726000000.0,-811000000.0,,1749000000.0,,946000000.0,799000000.0,53409707.0,pass,2025-08-04 11:56:10.215589,2025-08-04 11:56:10.215589
9166,HBM,2020-03-31,quarterly,USD,4366226000.0,566949000.0,305997000.0,305997000.0,137289000.0,94194000.0,3799277000.0,3666655000.0,,4755000.0,4755000.0,,,6974000.0,18248000.0,29469000.0,,2587949000.0,373904000.0,143441000.0,,,31521000.0,2214045000.0,73466000.0,988074000.0,,,1061540000.0,110662000.0,46859000.0,1778277000.0,,17095000.0,1777340000.0,261272000.0,pass,2025-08-04 12:41:43.581310,2025-08-04 12:41:43.581310
3284,TPH,2010-12-31,quarterly,USD,,,,,,,,,,,,,,,,,,,,,,,,,,,,,,,,,,,,31597907.0,pass,2025-08-04 12:33:16.306195,2025-08-04 12:33:16.306195
11467,FN,2007-06-30,annual,USD,240081000.0,197903000.0,40873000.0,40873000.0,76439000.0,76536000.0,42178000.0,,,,,,,,,4055000.0,,110726000.0,95635000.0,47628000.0,,,25673000.0,15091000.0,,,,,35498000.0,17744000.0,,129355000.0,,102487000.0,298000.0,31369000.0,pass,2025-08-04 11:55:41.655906,2025-08-04 11:55:41.655906
8889,HUBG,2016-03-31,quarterly,USD,1264646000.0,585936000.0,200256000.0,200256000.0,336000.0,365149000.0,678710000.0,379484000.0,,12815000.0,12815000.0,262540000.0,,,0.0,20531000.0,,641399000.0,361318000.0,234196000.0,,,35148000.0,280081000.0,12640000.0,92648000.0,,,140436000.0,91974000.0,20754000.0,623247000.0,-207063000.0,678723000.0,419000.0,70274000.0,pass,2025-08-04 09:37:22.997783,2025-08-04 09:37:22.997783
12317,PWE,,quarterly,,,,,,,,,,,,,,,,,,,,,,,,,,,,,,,,,,,,,,error,2025-08-04 12:28:58.691679,2025-08-04 12:28:58.691679
4683,SAIA,2021-09-30,quarterly,USD,1789259000.0,450609000.0,121702000.0,121702000.0,,295862000.0,1338650000.0,1307213000.0,-846195000.0,19448000.0,19448000.0,,,,,66090000.0,,644533000.0,338621000.0,140774000.0,,,80684000.0,305912000.0,162247000.0,,,,162247000.0,117163000.0,305912000.0,1144726000.0,,876014000.0,26000.0,26713000.0,pass,2025-08-04 09:10:47.991911,2025-08-04 09:10:47.991911
4499,SBUX,2013-06-30,quarterly,USD,9062400000.0,4239700000.0,1430800000.0,1430800000.0,1173800000.0,506800000.0,4822700000.0,2987100000.0,,268800000.0,268800000.0,860900000.0,,488900000.0,613500000.0,514800000.0,,3314800000.0,2424400000.0,415200000.0,,,82400000.0,890400000.0,,549700000.0,,,549700000.0,1244800000.0,,5741500000.0,0.0,5558500000.0,800000.0,1523800000.0,pass,2025-08-04 09:09:33.160953,2025-08-04 09:09:33.160953
5112,SWAGW,2023-12-31,quarterly,USD,49036000.0,43042000.0,8059000.0,8059000.0,4782000.0,17076000.0,5994000.0,,,3114000.0,3114000.0,0.0,,,10393000.0,,,13386000.0,11186000.0,3218000.0,,,,2200000.0,1326000.0,,,,,1885000.0,1402000.0,35650000.0,,-2602000.0,,18539000.0,pass,2025-08-04 09:13:33.541500,2025-08-04 09:13:33.541500
4163,WMT,2007-07-31,quarterly,USD,156949000000.0,46387000000.0,6094000000.0,6094000000.0,34184000000.0,2767000000.0,110562000000.0,92948000000.0,,14655000000.0,14655000000.0,14655000000.0,,,,3342000000.0,,94663000000.0,55250000000.0,27748000000.0,,,11482000000.0,39413000000.0,,31560000000.0,,,43042000000.0,1794000000.0,,62286000000.0,,55414000000.0,3412000000.0,12324000000.0,pass,2025-08-04 12:36:07.137118,2025-08-04 12:36:07.137118
8498,BE,2021-12-31,quarterly,USD,1725571000.0,806420000.0,396035000.0,396035000.0,143370000.0,124237000.0,919151000.0,710766000.0,,,,1957000.0,,,,141260000.0,,1727098000.0,342479000.0,72967000.0,,,54516000.0,1384619000.0,595909000.0,500899000.0,25831000.0,,1122639000.0,123530000.0,7277000.0,-44326000.0,,-3263075000.0,18000.0,174269000.0,pass,2025-08-04 12:42:34.844562,2025-08-04 12:42:34.844562
2511,NEE,2014-09-30,quarterly,USD,72193000000.0,5633000000.0,485000000.0,485000000.0,1269000000.0,2411000000.0,66560000000.0,55067000000.0,,0.0,0.0,0.0,,6414000000.0,0.0,1468000000.0,,53049000000.0,9572000000.0,1496000000.0,,,4570000000.0,43477000000.0,,24853000000.0,,,29423000000.0,3049000000.0,10625000000.0,18810000000.0,0.0,12204000000.0,4000000.0,1760000000.0,pass,2025-08-04 12:33:51.242093,2025-08-04 12:33:51.242093
1365,PNW,2016-09-30,quarterly,USD,15805726000.0,977492000.0,48267000.0,48267000.0,285534000.0,471952000.0,14828234000.0,12348810000.0,,96789000.0,96789000.0,0.0,,779753000.0,0.0,171739000.0,,10813591000.0,1109718000.0,248133000.0,,,134170000.0,9703873000.0,,4145366000.0,179345000.0,,4279536000.0,429721000.0,5558507000.0,4853346000.0,-130000.0,2342643000.0,2552979000.0,112100000.0,pass,2025-08-04 12:11:40.595378,2025-08-04 12:11:40.595378
916,RBLX,2019-12-31,annual,USD,760208000.0,572263000.0,301493000.0,301493000.0,112615000.0,91255000.0,187945000.0,143405000.0,,2455000.0,2455000.0,,,,57047000.0,122468000.0,,873157000.0,496141000.0,3422000.0,,,24448000.0,377016000.0,,,,,187191000.0,67458000.0,26076000.0,-137309000.0,,-239036000.0,17000.0,526227000.0,pass,2025-08-04 12:05:52.486764,2025-08-04 12:05:52.486764
9380,JBGS,2020-12-31,annual,USD,6079547000.0,489786000.0,225600000.0,225600000.0,1.0,226450000.0,5589761000.0,4841817000.0,,58577000.0,58577000.0,,,461369000.0,,-489786000.0,,2342593000.0,103102000.0,103102000.0,,,72176000.0,2239491000.0,50973000.0,1991717000.0,,,2063893000.0,96539000.0,247774000.0,3206206000.0,,-412944000.0,1319000.0,133451000.0,pass,2025-08-04 11:59:34.534712,2025-08-04 11:59:34.534712
7332,AMG,2025-03-31,quarterly,USD,8714100000.0,1398200000.0,816500000.0,816500000.0,,581700000.0,4728900000.0,56900000.0,,1703900000.0,1703900000.0,2512500000.0,,2752300000.0,,,,4249000000.0,665700000.0,,,,0.0,3583300000.0,,2620700000.0,,,2620700000.0,665700000.0,442100000.0,3188200000.0,,6971900000.0,600000.0,32600000.0,pass,2025-08-04 11:44:38.037551,2025-08-04 11:44:38.037551
20251,EVER,2014-03-31,quarterly,USD,17640984000.0,0.0,499829000.0,499829000.0,0.0,,,60654000.0,,0.0,0.0,0.0,,,0.0,,,15983309000.0,0.0,0.0,,,,,,0.0,,,,,,1621013000.0,,690051000.0,0.0,,pass,2025-08-04 11:25:02.878134,2025-08-04 11:25:02.878134
11235,FFBC,2023-12-31,annual,USD,17532900000.0,4489597000.0,1006019000.0,1006019000.0,-249392999.0,462452000.0,13043303000.0,,,83949000.0,83949000.0,1005868000.0,,3231392000.0,3021126000.0,1078745000.0,,15264926000.0,14298611000.0,,,,937814000.0,966315000.0,1611000.0,342504000.0,937814000.0,,1281929000.0,13360797000.0,,2267974000.0,,1136718000.0,1638972000.0,95096000.0,pass,2025-08-04 09:49:19.857883,2025-08-04 09:49:19.857883
10368,FAT,2024-06-30,quarterly,USD,1356347000.0,101114000.0,56645000.0,56645000.0,8866000.0,21854000.0,1255233000.0,,,612800000.0,612800000.0,305054000.0,,,,13749000.0,,1694988000.0,271958000.0,17958000.0,,,154227000.0,1423030000.0,224134000.0,1168416000.0,45060000.0,,1529446000.0,97395000.0,2598000.0,-338640000.0,,-346452000.0,2000.0,17007352.0,pass,2025-08-04 09:44:48.016515,2025-08-04 09:44:48.016515
1104,PINS,2022-12-31,annual,USD,3862730000.0,3454677000.0,1611063000.0,1611063000.0,,681532000.0,408053000.0,59575000.0,,24595000.0,24595000.0,100227000.0,,,1087164000.0,74918000.0,,581076000.0,380531000.0,87920000.0,,,50274000.0,200545000.0,228968000.0,,,,228968000.0,242337000.0,200545000.0,3281654000.0,,-2114658000.0,7000.0,665732000.0,pass,2025-08-04 12:21:03.591448,2025-08-04 12:21:03.591448
8239,BMI,2024-12-31,quarterly,USD,816413000.0,540116000.0,295305000.0,295305000.0,143408000.0,84325000.0,276297000.0,80118000.0,,45066000.0,45066000.0,111770000.0,,,,17078000.0,,210181000.0,118205000.0,55659000.0,,,0.0,3652000.0,,,,,,62546000.0,14211000.0,606232000.0,,547796000.0,37221000.0,29368656.0,pass,2025-08-04 12:29:07.026090,2025-08-04 12:29:07.026090
637,NVMI,2020-12-31,annual,USD,655786000.0,558701000.0,232304000.0,232304000.0,61734000.0,63314000.0,97085000.0,63277000.0,,5059000.0,5059000.0,20114000.0,,2547000.0,191567000.0,9782000.0,,284248000.0,60934000.0,24096000.0,,,3703000.0,223314000.0,35608000.0,178808000.0,,,214416000.0,28418000.0,8882000.0,371538000.0,,241620000.0,74000.0,28949739.0,pass,2025-08-03 23:29:26.905687,2025-08-03 23:29:26.905687
9446,IRS,2023-06-30,annual,ARS,711612000000.0,70226000000.0,8735000000.0,8735000000.0,475000000.0,98841000000.0,641386000000.0,13083000000.0,,7469000000.0,7469000000.0,476000000.0,,38995000000.0,34412000000.0,-74663000000.0,,324337000000.0,71272000000.0,95126000000.0,,,40991000000.0,253065000000.0,3017000000.0,67324000000.0,40617000000.0,,110958000000.0,-65898000000.0,,364945000000.0,,68637000000.0,83234000000.0,69090627.0,pass,2025-08-04 12:25:18.752380,2025-08-04 12:25:18.752380
7138,CUBI,2015-12-31,quarterly,USD,8398205000.0,844785000.0,264593000.0,264593000.0,1802121000.0,19939000.0,7553420000.0,11531000.0,,3651000.0,3651000.0,3651000.0,,1797064000.0,560253000.0,6981093000.0,,7844303000.0,7142022000.0,44289000.0,,,1435300000.0,702281000.0,,198250000.0,1904374000.0,,1890442000.0,5662433000.0,1625300000.0,553902000.0,-8233000.0,124511000.0,27432000.0,28913000.0,pass,2025-08-04 12:16:55.586082,2025-08-04 12:16:55.586082
483,NMM,2008-03-31,quarterly,USD,204358000.0,14073000.0,13499000.0,13499000.0,,528000.0,190285000.0,134012000.0,,53484000.0,53484000.0,,,,,46000.0,,176961000.0,5805000.0,247000.0,,,,171156000.0,,165000000.0,,,165000000.0,5558000.0,,27397000.0,,,,1232784.0,pass,2025-08-04 12:42:58.340553,2025-08-04 12:42:58.340553
5971,CNC,2009-06-30,quarterly,USD,1586209000.0,685764000.0,384499000.0,384499000.0,,157863000.0,900445000.0,194277000.0,,22714000.0,22714000.0,218121000.0,,,61217000.0,82185000.0,,1001192000.0,663444000.0,181605000.0,,,395030000.0,337748000.0,,288513000.0,,,683543000.0,23851000.0,,545674000.0,-46405000.0,313924000.0,45000.0,176969356.0,pass,2025-08-04 12:55:46.875620,2025-08-04 12:55:46.875620
657,NUWE,2018-12-31,quarterly,USD,8776000.0,8127000.0,5480000.0,5480000.0,1658000.0,786000.0,649000.0,,,,,,,,,406000.0,,2840000.0,2840000.0,1133000.0,,,,1133000.0,,,,,,1707000.0,,5936000.0,,-199388000.0,,4.0,pass,2025-08-03 23:29:37.778318,2025-08-03 23:29:37.778318
11218,FIBK,2007-09-30,quarterly,USD,5011607000.0,208027000.0,169294000.0,169294000.0,,38733000.0,4803580000.0,,,22399000.0,22399000.0,37380000.0,,,992753000.0,3627623000.0,,4570492000.0,4523745000.0,19993000.0,,,466951000.0,46747000.0,,,,,513698000.0,4036801000.0,,441115000.0,,406419000.0,38395000.0,31604000.0,pass,2025-08-04 09:49:14.553364,2025-08-04 09:49:14.553364
2437,NCPL,2020-10-31,quarterly,USD,4756311.0,870895.0,455994.0,455994.0,,40671.0,3885416.0,,,,,,,3721514.0,,374230.0,,3996299.0,2875018.0,329922.0,,,2321703.0,1121281.0,,1121281.0,2321703.0,,3442984.0,217886.0,,760012.0,,-2401389.0,419.0,415815.0,pass,2025-08-04 08:55:15.247635,2025-08-04 08:55:15.247635
1169,PLMR,2018-12-31,annual,USD,231134000.0,164940000.0,9525000.0,9525000.0,-31905000.0,33195000.0,149082000.0,947000.0,,744000.0,744000.0,,,147391000.0,122220000.0,50189000.0,,139961000.0,24971000.0,19852000.0,,,,19079000.0,,19079000.0,,,19079000.0,-19852000.0,,91173000.0,,275000.0,2000.0,22625000.0,pass,2025-08-04 08:45:57.586005,2025-08-04 08:45:57.586005
10327,EXR,2007-12-31,quarterly,USD,2054075000.0,47418000.0,17377000.0,17377000.0,-35717000.0,30041000.0,2006657000.0,3535000.0,,,,,,,21812000.0,,,1369172000.0,114400000.0,31346000.0,,,,1319800000.0,,1279786000.0,,,1319771000.0,114400000.0,,619921000.0,,-205348000.0,658000.0,64901249.0,pass,2025-08-04 12:14:36.204617,2025-08-04 12:14:36.204617
4551,SIGI,2018-09-30,quarterly,USD,7986752000.0,446000.0,446000.0,446000.0,0.0,1471700000.0,7986306000.0,64225000.0,,258033000.0,258033000.0,7849000.0,,5902123000.0,163930000.0,-278464000.0,,6248232000.0,95352000.0,107485000.0,,,,6236099000.0,,439436000.0,,,439436000.0,83219000.0,5701311000.0,1738520000.0,-584535000.0,1824607000.0,205573000.0,59711000.0,pass,2025-08-04 09:09:58.301773,2025-08-04 09:09:58.301773
570,NYMTN,2023-03-31,quarterly,USD,6170249000.0,430324000.0,227753000.0,227753000.0,-3122000.0,76665000.0,393719000.0,,,,,,,191148000.0,202571000.0,-419667000.0,,4346957000.0,12109000.0,12109000.0,,,787902000.0,12109000.0,8070000.0,2569381000.0,,,3357283000.0,-793855000.0,880593000.0,1737506000.0,,-1079047000.0,912000.0,91672000.0,pass,2025-08-03 23:28:54.371407,2025-08-03 23:28:54.371407
9046,GRCE,2017-09-30,quarterly,None,15926257.0,4717338.0,4295744.0,4295744.0,1.0,195884.0,11208918.0,,,,,,,,,225709.0,,3991036.0,2733509.0,2678693.0,,,,1257527.0,,,,,1216415.0,54816.0,,11935221.0,,-46883187.0,53713332.0,306749.0,pass,2025-08-04 09:38:16.603091,2025-08-04 09:38:16.603091
20042,GB,2018-09-30,quarterly,EUR,291891250.0,96111000.0,12668500.0,12668500.0,,80581750.0,195780250.0,,,86650500.0,86650500.0,100974250.0,,,,2860750.0,,269488500.0,97211000.0,67097000.0,,,,172277500.0,,,,,154339000.0,30114000.0,,22402750.0,,-76464000.0,85250.0,244459500.0,pass,2025-08-04 11:48:53.373761,2025-08-04 11:48:53.373761
3953,YI,2021-09-30,quarterly,CNY,3131356000.0,2790008000.0,544122000.0,544122000.0,992657000.0,481746000.0,341348000.0,307336000.0,,5354000.0,5354000.0,,,3000000.0,383009000.0,388474000.0,,2199999000.0,2036664000.0,1488076000.0,,,110826000.0,163335000.0,161248000.0,,110826000.0,,272074000.0,437762000.0,2087000.0,-81066000.0,,-2898332000.0,55000.0,8298233.0,pass,2025-08-04 09:05:48.230043,2025-08-04 09:05:48.230043
1771,LYFT,2020-09-30,quarterly,USD,4968331000.0,2753054000.0,424806000.0,424806000.0,-73200000.0,73200000.0,2215277000.0,619728000.0,,71792000.0,71792000.0,182725000.0,,10000000.0,2028643000.0,225518000.0,,2965238000.0,2045175000.0,26020000.0,,,112894000.0,920063000.0,327752000.0,622684000.0,36514000.0,,950436000.0,1906261000.0,18606000.0,2003093000.0,,-6842273000.0,3000.0,314530000.0,pass,2025-08-04 08:50:41.255786,2025-08-04 08:50:41.255786
5692,SONO,2017-03-31,quarterly,None,,,,,,,,,,,,,,,,,,,,,,,,,,,,,,,,,,,,105848263.0,pass,2025-08-04 09:17:42.930689,2025-08-04 09:17:42.930689
1848,KRG,2018-09-30,quarterly,USD,3285884000.0,121051000.0,30709000.0,30709000.0,-5899999.0,57133000.0,3164833000.0,3057275000.0,,28552000.0,28552000.0,0.0,,13836000.0,10307000.0,33209000.0,,1759588000.0,181260000.0,98537000.0,,,19022000.0,1578328000.0,,1578328000.0,100000.0,,1597350000.0,-19022000.0,82723000.0,1478172000.0,0.0,-604917000.0,837000.0,83767655.0,pass,2025-08-04 11:38:43.236448,2025-08-04 11:38:43.236448
4445,SAM,2013-12-31,annual,USD,444075000.0,164278000.0,49524000.0,49524000.0,56397000.0,42001000.0,279797000.0,266558000.0,,1648000.0,1648000.0,3683000.0,,,0.0,20748000.0,,141990000.0,104377000.0,34424000.0,,,53000.0,37613000.0,,584000.0,,,637000.0,58180000.0,,302085000.0,0.0,129349000.0,128000.0,13504000.0,pass,2025-08-04 12:14:30.014419,2025-08-04 12:14:30.014419
522,NPK,2007-09-30,quarterly,USD,326963000.0,257805000.0,41528000.0,41528000.0,72125000.0,57434000.0,69158000.0,59855000.0,,11485000.0,11485000.0,5086000.0,,,80589000.0,78254000.0,,61899000.0,61523000.0,38300000.0,,,,376000.0,,,,,,23223000.0,,265064000.0,-18793000.0,275270000.0,7441000.0,6833000.0,pass,2025-08-04 12:54:02.667227,2025-08-04 12:54:02.667227
4005,VSH,2023-06-30,quarterly,USD,4187461000.0,2395252000.0,1089420000.0,1089420000.0,660039000.0,453250000.0,1792209000.0,1172521000.0,-2786772000.0,75111000.0,75111000.0,203940000.0,,,14366000.0,178177000.0,,1973019000.0,758374000.0,234004000.0,,,52234000.0,1214645000.0,133266000.0,639668000.0,,,772934000.0,388226000.0,98693000.0,2210625000.0,,952062000.0,14526000.0,140478000.0,pass,2025-08-04 12:34:15.184230,2025-08-04 12:34:15.184230
8732,HFBL,2015-06-30,quarterly,USD,369833000.0,51078000.0,5266000.0,5266000.0,14243000.0,927000.0,318755000.0,10188000.0,,,,,,46895000.0,44885000.0,15130000.0,,326447000.0,287458000.0,286238000.0,,,38411000.0,38989000.0,,38411000.0,38411000.0,,38411000.0,287458000.0,,43386000.0,,11664000.0,25000.0,3983326.0,pass,2025-08-04 09:36:39.992486,2025-08-04 09:36:39.992486
3669,XOMA,2015-09-30,quarterly,USD,79028000.0,74267000.0,32046000.0,32046000.0,1.0,39343000.0,4761000.0,4097000.0,,0.0,0.0,0.0,,,0.0,2878000.0,,108218000.0,59137000.0,5665000.0,,,4123000.0,49081000.0,,44462000.0,,,48585000.0,10004000.0,4619000.0,-29190000.0,0.0,-1165435000.0,891000.0,5928000.0,pass,2025-08-04 09:03:41.837835,2025-08-04 09:03:41.837835
440,NTRSO,2012-06-30,quarterly,USD,94455900000.0,31224000000.0,30470200000.0,30470200000.0,,724800000.0,63231900000.0,,,,,533200000.0,,,29000000.0,1590600000.0,,87065600000.0,79271000000.0,,,,2275100000.0,7794600000.0,,,,,7309400000.0,76995900000.0,,7390300000.0,,6502200000.0,408600000.0,241368000.0,pass,2025-08-03 23:27:53.519456,2025-08-03 23:27:53.519456
19633,DOLE,2020-03-31,quarterly,USD,,,,,,,,,,,,,,,,,,,,,,,,,,,,,,,,,,,,94877644.0,pass,2025-08-04 12:20:12.656439,2025-08-04 12:20:12.656439
1250,PGEN,2015-09-30,quarterly,USD,989887000.0,302431000.0,125433000.0,125433000.0,22338000.0,55866000.0,687456000.0,42201000.0,,256284000.0,256284000.0,166866000.0,,212889000.0,90864000.0,7930000.0,,260264000.0,77093000.0,4546000.0,,,1789000.0,183171000.0,,7796000.0,,,9585000.0,38752000.0,867000.0,718287000.0,,-510015000.0,,112244129.0,pass,2025-08-04 08:46:24.931997,2025-08-04 08:46:24.931997
2607,MFIC,2006-12-31,annual,USD,3523218000.0,3517385000.0,1097952000.0,1097952000.0,,70452000.0,2348981000.0,,,,,,,,2348981000.0,,,1673470000.0,1628721000.0,1136409000.0,,,492312000.0,492312000.0,,,,,492312000.0,-2765130000.0,,1849748000.0,,-16283000.0,104000.0,28597245.0,pass,2025-08-04 08:56:23.849070,2025-08-04 08:56:23.849070
5589,SPOK,2012-12-31,annual,USD,322627000.0,95909000.0,61046000.0,61046000.0,3257000.0,23148000.0,226718000.0,20809000.0,-107027000.0,30333000.0,30333000.0,133031000.0,,,64000.0,8458000.0,,71208000.0,60726000.0,2205000.0,,,87000.0,10482000.0,,53000.0,,,472000.0,24277000.0,9789000.0,251419000.0,0.0,126205000.0,2000.0,22397529.0,pass,2025-08-04 09:17:14.878130,2025-08-04 09:17:14.878130
3378,TLPH,2013-09-30,quarterly,None,80661000.0,76999000.0,60795000.0,60795000.0,,,3662000.0,,,,,,,,15173000.0,1031000.0,,27456000.0,12428000.0,1248000.0,,,8134000.0,15028000.0,,,,,10519000.0,3046000.0,,53205000.0,,-163222000.0,43000.0,2073121.0,pass,2025-08-04 09:01:48.573364,2025-08-04 09:01:48.573364
9472,IVF,2015-12-31,quarterly,None,579786.0,558770.0,492004.0,492004.0,65420.0,1346.0,21016.0,,,21016.0,21016.0,,,,,,,4336788.0,4336788.0,1025510.0,,,220888.0,,,,,,220888.0,3090390.0,,-3757002.0,,-15818716.0,13708.0,17849.0,pass,2025-08-04 09:40:21.426787,2025-08-04 09:40:21.426787
4770,RHP,2008-12-31,annual,USD,2560379000.0,108578000.0,1043000.0,1043000.0,10222000.0,49114000.0,2451801000.0,2227574000.0,,1601000.0,1601000.0,6915000.0,,,1165000.0,48199000.0,,1657160000.0,172994000.0,168155000.0,,,1904000.0,1484166000.0,,1260997000.0,,,1262901000.0,2935000.0,,903219000.0,,234751000.0,409000.0,41257000.0,pass,2025-08-04 12:59:12.214197,2025-08-04 12:59:12.214197
7735,AHH,2024-12-31,annual,USD,2512863000.0,364867000.0,70642000.0,70642000.0,4800000.0,270055000.0,2147996000.0,1856905000.0,,89739000.0,89739000.0,,,158151000.0,,6381000.0,,1623194000.0,323993000.0,143335000.0,,,151121000.0,1299201000.0,124011000.0,1144438000.0,151121000.0,,1419570000.0,23666000.0,20222000.0,670636000.0,,-218623000.0,797000.0,102301929.0,pass,2025-08-04 12:08:31.321278,2025-08-04 12:08:31.321278
8377,ASX,2012-12-31,annual,TWD,246504000000.0,98042000000.0,20266000000.0,20266000000.0,32073000000.0,37995674000.0,148462000000.0,4342523000.0,,15802000000.0,15802000000.0,10306823000.0,,,4170000000.0,3262941000.0,,134045000000.0,84703000000.0,24226701000.0,,,40098703000.0,49342000000.0,,1534998000.0,,,84691000000.0,17426269000.0,,109515000000.0,-67439000.0,26969183000.0,76047667000.0,1893974000.0,pass,2025-08-04 12:14:58.904980,2025-08-04 12:14:58.904980
6156,BXSL,2023-03-31,quarterly,USD,9847992000.0,180565000.0,103025000.0,103025000.0,,104207000.0,9626202000.0,,,,,,,9626202000.0,9626202000.0,-207232000.0,,5657496000.0,400542000.0,6864000.0,,,,5451854000.0,,5451854000.0,,,5451854000.0,-6864000.0,149264000.0,4190496000.0,,152091000.0,162000.0,160501868.0,pass,2025-08-04 12:22:11.733985,2025-08-04 12:22:11.733985
108,OMI,2023-09-30,quarterly,USD,5124063000.0,2130269000.0,215191000.0,215191000.0,1084350000.0,682682000.0,2993794000.0,840683000.0,,381557000.0,381557000.0,1635010000.0,,,,148046000.0,,4237203000.0,1732181000.0,1182408000.0,,,185698000.0,2505022000.0,225208000.0,2113602000.0,,,2338810000.0,364075000.0,120596000.0,886860000.0,,350923000.0,152997000.0,76203000.0,pass,2025-08-04 12:00:34.819666,2025-08-04 12:00:34.819666
5327,TAP,2011-06-30,quarterly,USD,13104100000.0,2364700000.0,1184200000.0,1184200000.0,223200000.0,853800000.0,10739400000.0,1407900000.0,,4754500000.0,4754500000.0,1553800000.0,,42400000.0,0.0,103500000.0,,4917400000.0,1847800000.0,229500000.0,,,50400000.0,3069600000.0,,1951100000.0,,,2001500000.0,1567900000.0,697000000.0,8143800000.0,0.0,3435100000.0,1600000.0,188800000.0,pass,2025-08-04 12:10:35.528484,2025-08-04 12:10:35.528484
5499,SKM,2006-12-31,annual,KRW,15490402685147.0,4448694211629.0,463542090315.0,463542090315.0,18865430617.0,3029061465119.0,11041708473518.0,4846597000.0,,1664279246254.0,1664279246254.0,1691737775399.0,,,728481324852.0,161108843651.0,,6445011955943.0,3060329095646.0,1165315351734.0,,,815904370803.0,3384682860296.0,,2462590000.0,,,3000408045531.0,1079109373109.0,,8883002722955.0,-2166588000.0,7485231060386.0,42578727804.0,406404617.0,pass,2025-08-04 11:54:51.953289,2025-08-04 11:54:51.953289
413,NUKK,2016-06-30,quarterly,USD,3455559.0,3455559.0,,,,2400000.0,,,,,,,,,,1055559.0,,3571025.0,2560571.0,,,,,1010454.0,,,,,,2560321.0,,-115466.0,,-257460.0,23039.0,201894000.0,pass,2025-08-03 23:27:43.669373,2025-08-03 23:27:43.669373
7178,CUZ,2006-12-31,quarterly,USD,1196753000.0,43676000.0,11538000.0,11538000.0,430866000.0,32138000.0,1196753000.0,,,17598000.0,17598000.0,5602000.0,,,2824000.0,,,526853000.0,2062000.0,55538000.0,,,,526853000.0,,290474000.0,,,315149000.0,-2062000.0,,625915000.0,-64894000.0,99396000.0,54439000.0,13128250.0,pass,2025-08-04 12:34:10.679794,2025-08-04 12:34:10.679794
5815,CIIGU,,quarterly,,,,,,,,,,,,,,,,,,,,,,,,,,,,,,,,,,,,,,error,2025-08-04 09:18:27.427233,2025-08-04 09:18:27.427233
10955,GHRS,2023-12-31,quarterly,USD,226300000.0,164089000.0,78420000.0,78420000.0,-178000.0,178000.0,62211000.0,,,,,,,61142000.0,83140000.0,2351000.0,,6701000.0,6701000.0,3490000.0,,,343000.0,631000.0,974000.0,,,,343000.0,2868000.0,,218968000.0,,-67940000.0,1301000.0,52026339.0,pass,2025-08-04 09:47:46.683954,2025-08-04 09:47:46.683954
7322,AMCX,2016-06-30,quarterly,USD,4665403000.0,1878055000.0,643470000.0,643470000.0,390162000.0,726949000.0,2787348000.0,171092000.0,,1656137000.0,1656137000.0,708071000.0,,,0.0,390162000.0,,4335485000.0,943951000.0,89055000.0,,,234956000.0,3391534000.0,38189000.0,3088476000.0,526199000.0,,3361621000.0,526665000.0,104272000.0,85225000.0,-100220000.0,215519000.0,739000.0,73300000.0,pass,2025-08-04 09:27:40.781941,2025-08-04 09:27:40.781941
6021,CLIR,2021-09-30,quarterly,USD,10905000.0,9296000.0,8841000.0,8841000.0,,,1609000.0,657000.0,,942000.0,942000.0,,,,,455000.0,,1485000.0,1082000.0,274000.0,,,404000.0,403000.0,605000.0,,,,605000.0,404000.0,,9420000.0,,-81538000.0,3000.0,31491174.0,pass,2025-08-04 09:19:50.164516,2025-08-04 09:19:50.164516
10484,EBR,2016-06-30,quarterly,BRL,173048005000.0,27273549000.0,1031244000.0,1031244000.0,996749000.0,4443974000.0,145774456000.0,8859361000.0,,913971000.0,913971000.0,,,24411000000.0,6239175000.0,15713129000.0,,122267608000.0,31264357000.0,11707981000.0,,,5236145000.0,91003251000.0,,13047658000.0,46993000000.0,,46992566000.0,12183809000.0,,50939407000.0,,8832474000.0,31305331000.0,1353548133.0,pass,2025-08-04 12:38:34.927483,2025-08-04 12:38:34.927483
578,OABIW,2020-12-31,annual,USD,295380000.0,16649000.0,-2592000.0,-2592000.0,2592000.0,15875000.0,278731000.0,,,186644000.0,186644000.0,83979000.0,,,,774000.0,,59843000.0,14277000.0,469000.0,,,1160000.0,45566000.0,2592000.0,,,,2592000.0,12648000.0,6397000.0,235537000.0,,,235537000.0,114820859.0,pass,2025-08-03 23:28:58.269965,2025-08-03 23:28:58.269965
2574,MITK,2014-03-31,quarterly,USD,31519483.0,29970197.0,7920523.0,7920523.0,1.0,3115319.0,1549286.0,1507237.0,,0.0,0.0,0.0,,,18324441.0,609914.0,,7642258.0,6515311.0,1684639.0,,,1447819.0,1126947.0,,0.0,,,,4830672.0,715772.0,23877225.0,0.0,-34396414.0,30481.0,30453455.0,pass,2025-08-04 08:56:14.740073,2025-08-04 08:56:14.740073
10385,EZGO,2021-03-31,quarterly,USD,32415733.0,29520020.0,7074834.0,7074834.0,2849276.0,7861949.0,2895713.0,2439760.0,,,,,,,2289447.0,9444514.0,,8855885.0,8855885.0,527325.0,,,304968.0,1512889.0,,,304968.0,,304968.0,6492376.0,,19075234.0,,1202348.0,10839.0,881284.0,pass,2025-08-04 09:44:55.041475,2025-08-04 09:44:55.041475
5129,SSYS,2019-03-31,quarterly,USD,1397363000.0,683475000.0,366327000.0,366327000.0,147799000.0,131546000.0,713888000.0,215663000.0,,96001000.0,96001000.0,385803000.0,,965000.0,2193000.0,37803000.0,,241085000.0,177580000.0,54662000.0,,,9106000.0,63505000.0,27920000.0,18481000.0,9439000.0,,23808000.0,59514000.0,28474000.0,1156278000.0,,-1532444000.0,147000.0,54687000.0,pass,2025-08-04 09:13:41.076300,2025-08-04 09:13:41.076300
17897,BMR,2007-03-31,quarterly,USD,2770529000.0,23380000.0,18711000.0,18711000.0,,4669000.0,,,,,,,,,,,,1336656000.0,466741000.0,65061000.0,,,401680000.0,,,,,,401680000.0,,,1433873000.0,,-222413000.0,654000.0,68231124.0,pass,2025-08-04 12:25:16.118032,2025-08-04 12:25:16.118032
8106,BOC,2017-03-31,quarterly,USD,64472292.0,27069628.0,24163381.0,24163381.0,,780523.0,37402664.0,,,4894693.0,4894693.0,19316256.0,,,1158046.0,967678.0,,3393017.0,3137517.0,553890.0,,,,255500.0,,,,,,1555100.0,,61079275.0,,-5853388.0,6897.0,6897000.0,pass,2025-08-04 11:51:35.587147,2025-08-04 11:51:35.587147
4082,VLYPP,2010-12-31,quarterly,USD,14143826000.0,1550053000.0,366286000.0,366286000.0,,148485000.0,12593773000.0,,,25650000.0,25650000.0,317891000.0,,,1035282000.0,9732829000.0,,12848621000.0,10376813000.0,,,,847318000.0,2471808000.0,,,,,3313098000.0,9529495000.0,,1295205000.0,,79803000.0,57041000.0,177900000.0,pass,2025-08-04 09:06:45.113885,2025-08-04 09:06:45.113885
5653,SQNS,2012-03-31,quarterly,USD,89029000.0,74162000.0,49268000.0,49268000.0,11109000.0,10736000.0,14867000.0,9320000.0,,4191000.0,4191000.0,,,,,3049000.0,,11689000.0,11031000.0,4990000.0,,,,658000.0,,,,,,4947000.0,,77340000.0,,-63734000.0,912000.0,3467031.0,pass,2025-08-04 11:58:40.362615,2025-08-04 11:58:40.362615
8163,BLMN,2023-09-30,quarterly,USD,3350910000.0,261125000.0,86579000.0,86579000.0,70563000.0,50757000.0,3089785000.0,,,444381000.0,444381000.0,275868000.0,,,,53226000.0,,2954991000.0,919821000.0,198100000.0,,,188032000.0,2035170000.0,1337382000.0,789356000.0,,,2126738000.0,239627000.0,94091000.0,395919000.0,,-554205000.0,872000.0,98548000.0,pass,2025-08-04 09:33:08.123620,2025-08-04 09:33:08.123620
1704,MAGN,2008-12-31,quarterly,None,1057309000.0,391819000.0,32234000.0,32234000.0,193354000.0,132635000.0,665490000.0,,,7843000.0,7843000.0,16513000.0,,,,33596000.0,,714602000.0,190102000.0,59750000.0,,,19625000.0,524500000.0,,,,,313285000.0,104564000.0,,342707000.0,,605001000.0,544000.0,35069995.0,pass,2025-08-04 12:11:50.521628,2025-08-04 12:11:50.521628
5123,STX,2017-06-30,annual,USD,9268000000.0,5041000000.0,2539000000.0,2539000000.0,982000000.0,1199000000.0,4227000000.0,1950000000.0,,281000000.0,281000000.0,1238000000.0,,125000000.0,0.0,321000000.0,,7904000000.0,2626000000.0,1626000000.0,,,5021000000.0,5278000000.0,,5021000000.0,5021000000.0,,5021000000.0,1000000000.0,122000000.0,1364000000.0,0.0,-4771000000.0,0.0,299000000.0,pass,2025-08-04 09:13:38.883884,2025-08-04 09:13:38.883884
10711,EGAN,2024-06-30,quarterly,USD,127852000.0,105852000.0,70011000.0,70011000.0,,31731000.0,22021000.0,,,,,13186000.0,,,,4110000.0,,69356000.0,62613000.0,2725000.0,,,1179000.0,6743000.0,3771000.0,,,,3771000.0,10196000.0,871000.0,58517000.0,,-323661000.0,33000.0,31468000.0,pass,2025-08-04 09:46:26.486045,2025-08-04 09:46:26.486045
8157,BRFH,2016-09-30,quarterly,USD,4228269.0,2019612.0,1487349.0,1487349.0,228044.0,254740.0,2208657.0,1543000.0,,627199.0,627199.0,,,,,98958.0,,1309636.0,1281499.0,262408.0,,,103690.0,28137.0,,28000.0,,,131827.0,915401.0,,2918633.0,,-22312246.0,102.0,7373608.0,pass,2025-08-04 09:33:05.424451,2025-08-04 09:33:05.424451
15420,STEM-WS,,quarterly,,,,,,,,,,,,,,,,,,,,,,,,,,,,,,,,,,,,,,error,2025-08-04 11:49:49.978867,2025-08-04 11:49:49.978867
10931,FTNT,2016-12-31,quarterly,USD,2139941000.0,1538716000.0,709003000.0,709003000.0,106887000.0,312998000.0,601225000.0,137249000.0,,24828000.0,24828000.0,14553000.0,,224983000.0,376522000.0,66612000.0,,1302260000.0,829440000.0,56732000.0,,,13588000.0,472820000.0,,0.0,,,,113778000.0,82813000.0,837681000.0,0.0,37620000.0,173000.0,891390000.0,pass,2025-08-04 09:47:40.468506,2025-08-04 09:47:40.468506
7650,KAI,2013-03-31,quarterly,USD,361258000.0,182413000.0,58402000.0,58402000.0,42349000.0,61284000.0,178845000.0,41476000.0,69850000.0,25150000.0,25150000.0,106153000.0,,,165000.0,20378000.0,,111063000.0,22883000.0,22883000.0,,,500000.0,88180000.0,,14000000.0,,,6625000.0,30452000.0,29478000.0,250195000.0,-73956000.0,234212000.0,146000.0,11267000.0,pass,2025-08-04 12:45:47.636855,2025-08-04 12:45:47.636855
3391,TLYS,2020-05-31,quarterly,USD,516194000.0,194277000.0,65133000.0,65133000.0,67650000.0,13421000.0,321917000.0,61941000.0,,,,,,,45981000.0,4184000.0,,373200000.0,143515000.0,24837000.0,,,154865000.0,229685000.0,294722000.0,,23675000.0,,318397000.0,-46906000.0,229685000.0,142994000.0,,-11115000.0,30000.0,29677000.0,pass,2025-08-04 12:27:34.597028,2025-08-04 12:27:34.597028
13204,MRNA,2014-12-31,annual,USD,9216000.0,2516000.0,1824000.0,1824000.0,,500000.0,,,,6700000.0,6700000.0,,,,,192000.0,,13587000.0,1942000.0,1942000.0,,,,,,,,,,,,-4371000.0,,-337788000.0,153000.0,,pass,2025-08-04 10:37:49.806733,2025-08-04 10:37:49.806733
167,ONBPO,2007-12-31,annual,USD,7846126000.0,305469000.0,255192000.0,255192000.0,,50277000.0,7540657000.0,,,31778000.0,31778000.0,159198000.0,,,2140641000.0,5025139000.0,,7193245000.0,6536523000.0,,,,638247000.0,656722000.0,,,,,1294969000.0,5898276000.0,,652881000.0,,34346000.0,66205000.0,65750000.0,pass,2025-08-03 18:30:08.044277,2025-08-03 18:30:08.044277
3728,WVVI,2014-09-30,quarterly,USD,29805312.0,12322874.0,906068.0,906068.0,9827987.0,1534204.0,17482438.0,14773501.0,,0.0,0.0,0.0,,,0.0,54615.0,,9580215.0,2582918.0,360622.0,,,134640.0,6997297.0,,5257860.0,,,5581874.0,1708908.0,,20225097.0,-425102.0,11722671.0,8927528.0,4930860.0,pass,2025-08-04 09:04:08.366128,2025-08-04 09:04:08.366128
1274,PRU,2025-06-30,quarterly,USD,758952000000.0,23013000000.0,16638000000.0,16638000000.0,,44152000000.0,,,,450000000.0,450000000.0,,,356131000000.0,6375000000.0,,,725836000000.0,2212000000.0,17126000000.0,,,1373000000.0,723624000000.0,,20154000000.0,1628000000.0,,20024000000.0,-839000000.0,,2213000000.0,,33456000000.0,6000000.0,351942941.0,pass,2025-08-04 11:51:56.420506,2025-08-04 11:51:56.420506
3787,ZG,2009-09-30,quarterly,USD,,,,,,,,,,,,,,,,,,,,,,,,,,,,,,,,,,,,26900000.0,pass,2025-08-04 09:04:27.969648,2025-08-04 09:04:27.969648
6633,DECK,2006-12-31,quarterly,USD,249973000.0,187423000.0,34255000.0,34255000.0,32375000.0,49571000.0,62550000.0,7770000.0,,36369000.0,36369000.0,18030000.0,,,64637000.0,6585000.0,,39563000.0,39563000.0,21053000.0,,,,21053000.0,,,,,,18510000.0,,210410000.0,,128130000.0,126000.0,226710000.0,pass,2025-08-04 12:36:56.895063,2025-08-04 12:36:56.895063
1107,PINC,2014-03-31,quarterly,USD,1199871000.0,395005000.0,152040000.0,152040000.0,19280000.0,73757000.0,804866000.0,128523000.0,,9870000.0,9870000.0,90285000.0,,239719000.0,115620000.0,34308000.0,,4147068000.0,227716000.0,23813000.0,,,18968000.0,3919352000.0,,197901000.0,,,216869000.0,165354000.0,5864000.0,-2945920000.0,0.0,-2946265000.0,324000.0,32556000.0,pass,2025-08-04 08:45:26.030661,2025-08-04 08:45:26.030661
4863,RVSNW,2024-12-31,quarterly,USD,20597000.0,19703000.0,17238000.0,17238000.0,1304000.0,495000.0,894000.0,,,,,,,,,666000.0,,2895000.0,2678000.0,107000.0,,,305000.0,217000.0,522000.0,,,,522000.0,1270000.0,,17702000.0,,-96670000.0,,18810965.0,pass,2025-08-04 09:12:00.226131,2025-08-04 09:12:00.226131
8132,BRLT,2023-06-30,quarterly,USD,273329000.0,200163000.0,149605000.0,149605000.0,39413000.0,-10131000.0,73166000.0,22200000.0,,,,,,,,807000.0,,179695000.0,74150000.0,9496000.0,,,8233000.0,105545000.0,44695000.0,57924000.0,3250000.0,,105869000.0,31161000.0,47609000.0,11651000.0,,3759000.0,10000.0,96889854.0,pass,2025-08-04 09:32:53.968602,2025-08-04 09:32:53.968602
2127,LB,2024-12-31,annual,USD,1003474000.0,37032000.0,37032000.0,37032000.0,,14655000.0,950659000.0,902742000.0,,45265000.0,45265000.0,,,,,1128000.0,,395408000.0,14410000.0,489000.0,,,424000.0,380998000.0,,380815000.0,424000.0,,381239000.0,1302000.0,183000.0,436012000.0,,3349000.0,432663000.0,73370073.0,pass,2025-08-04 12:42:46.772054,2025-08-04 12:42:46.772054
8573,BAX,2006-12-31,annual,USD,14686000000.0,6970000000.0,2485000000.0,2485000000.0,2066000000.0,1838000000.0,7716000000.0,4229000000.0,,480000000.0,480000000.0,1618000000.0,,,,581000000.0,,8414000000.0,3610000000.0,878000000.0,,,234000000.0,4804000000.0,,2567000000.0,,,2801000000.0,2498000000.0,,6272000000.0,-1433000000.0,3271000000.0,683000000.0,656000000.0,pass,2025-08-04 11:55:26.825830,2025-08-04 11:55:26.825830
4942,RYTM,2015-06-30,quarterly,None,327000.0,168000.0,168000.0,168000.0,,,159000.0,,,,,,,,,,,730000.0,730000.0,431000.0,,,,,,,,,,299000.0,,-403000.0,,-41408000.0,93000.0,10196292.0,pass,2025-08-04 09:12:31.888003,2025-08-04 09:12:31.888003
2479,NEON,2022-12-31,quarterly,USD,21198000.0,20798000.0,14816000.0,14816000.0,3827000.0,1745000.0,400000.0,282000.0,,,,,,,,410000.0,,1780000.0,1699000.0,334000.0,,,178000.0,81000.0,259000.0,,,,259000.0,1151000.0,81000.0,19418000.0,,-207491000.0,14000.0,13812604.0,pass,2025-08-04 08:55:32.833793,2025-08-04 08:55:32.833793
10911,FULTP,2011-12-31,annual,USD,16370508000.0,3134784000.0,347134000.0,347134000.0,-8452000.0,114352000.0,13235724000.0,,,41320000.0,41320000.0,536005000.0,,,2673477000.0,9765979000.0,,14377969000.0,13148458000.0,25686000.0,,,597033000.0,1229511000.0,,,,,1637182000.0,12525739000.0,,1992539000.0,,264059000.0,540386000.0,199658000.0,pass,2025-08-04 09:47:34.216268,2025-08-04 09:47:34.216268
3576,TSLA,2019-12-31,annual,USD,34309000000.0,12103000000.0,6268000000.0,6268000000.0,3552000000.0,1324000000.0,22203000000.0,20199000000.0,,339000000.0,339000000.0,198000000.0,,1000000.0,671000000.0,959000000.0,,26199000000.0,10667000000.0,3771000000.0,,,2013000000.0,15532000000.0,1050000000.0,11634000000.0,1785000000.0,,14603000000.0,2383000000.0,408000000.0,6618000000.0,,-6083000000.0,1000000.0,2655000000.0,pass,2025-08-04 09:03:13.136576,2025-08-04 09:03:13.136576
2564,MGYR,2014-03-31,quarterly,USD,536606000.0,26328000.0,13469000.0,13469000.0,15595000.0,1737000.0,510278000.0,20441000.0,,0.0,0.0,0.0,,422539000.0,11122000.0,,,491022000.0,457279000.0,132000.0,,,5000000.0,33743000.0,,29000000.0,,,34000000.0,452147000.0,35132000.0,45584000.0,-1256000.0,22028000.0,59000.0,6300000.0,pass,2025-08-04 08:56:10.499805,2025-08-04 08:56:10.499805
8187,BLBD,2014-09-30,annual,USD,348000.0,348000.0,2000.0,2000.0,71300000.0,21215000.0,115033000.0,29949000.0,,62240000.0,62240000.0,18825000.0,,9871000.0,0.0,18000.0,,323000.0,323000.0,1391000.0,,,121000.0,121000.0,,211118000.0,11750000.0,,121000.0,3281000.0,,25000.0,0.0,-5650000.0,101760000.0,3402000.0,pass,2025-08-04 09:33:18.035050,2025-08-04 09:33:18.035050
13222,MOVE,2020-06-30,quarterly,USD,,,,,,,,,,,,,,,,,,,,,,,,,,,,,,,,,,,,32124405.0,pass,2025-08-04 10:37:59.931724,2025-08-04 10:37:59.931724
6367,CCRN,2015-09-30,quarterly,USD,339726000.0,159724000.0,24584000.0,24584000.0,4817000.0,128784000.0,180002000.0,10833000.0,,69077000.0,69077000.0,80758000.0,,,0.0,9670000.0,,197707000.0,74115000.0,32109000.0,,,88000.0,123592000.0,,71918000.0,,,72006000.0,39373000.0,35076000.0,141553000.0,0.0,-105958000.0,3000.0,32168000.0,pass,2025-08-04 09:21:55.037357,2025-08-04 09:21:55.037357
4086,VKTX,2023-09-30,quarterly,USD,382663000.0,381300000.0,37185000.0,37185000.0,,,1363000.0,,,,,,,,339056000.0,5059000.0,,14423000.0,13405000.0,5711000.0,,,638000.0,1018000.0,1337000.0,,,,1337000.0,7056000.0,,368240000.0,,-353339000.0,1000.0,99845733.0,pass,2025-08-04 09:06:46.056501,2025-08-04 09:06:46.056501
12540,PHH,2005-12-31,annual,USD,9965000000.0,578000000.0,107000000.0,107000000.0,2395000000.0,471000000.0,2110000000.0,3922000000.0,,1996000000.0,1996000000.0,87000000.0,,,497000000.0,,,6744000000.0,,358000000.0,,,,6744000000.0,,3366000000.0,,,6744000000.0,207000000.0,,1521000000.0,,556000000.0,1000000.0,53731000.0,pass,2025-08-04 11:56:10.215589,2025-08-04 11:56:10.215589
1169,PLMR,2023-06-30,quarterly,USD,1546307000.0,618431000.0,58310000.0,58310000.0,-849524000.0,498886000.0,24210000.0,498000.0,,13095000.0,13095000.0,,,606117000.0,560121000.0,350638000.0,,295849000.0,295849000.0,224449000.0,,,71400000.0,392453000.0,,81778000.0,71400000.0,,153178000.0,-295849000.0,1025983000.0,413708000.0,,107018000.0,3000.0,25309526.0,pass,2025-08-04 08:45:57.586005,2025-08-04 08:45:57.586005
8603,BANR,2018-12-31,annual,USD,11871317000.0,1947012000.0,272196000.0,272196000.0,-339296000.0,38593000.0,2440226000.0,171809000.0,,32924000.0,32924000.0,339154000.0,,9021868000.0,1636223000.0,339296000.0,,654280000.0,1660201000.0,102061000.0,,,658995000.0,654280000.0,,233086000.0,658995000.0,,892081000.0,1001206000.0,540189000.0,1478595000.0,,134055000.0,1337436000.0,32894425.0,pass,2025-08-04 09:35:40.658885,2025-08-04 09:35:40.658885
11481,FMS,2013-09-30,quarterly,EUR,16699656736.0,4479156767.0,446239005.0,446239005.0,780609789.0,2329310474.0,12220499969.0,3007904000.0,,497555880.0,497555880.0,8537728148.0,,,,933791182.0,,9957780563.0,2512254719.0,454878174.0,,,486955614.0,7445525843.0,,7772303000.0,,,6246776199.0,1425809273.0,,6561822841.0,-505014000.0,4467558280.0,282709312.0,603512000.0,pass,2025-08-04 11:47:11.809979,2025-08-04 11:47:11.809979
11322,FPH,2019-12-31,quarterly,USD,3004700000.0,2335896000.0,346833000.0,346833000.0,1889761000.0,97561000.0,668804000.0,64891000.0,,80350000.0,80350000.0,,,533239000.0,,1741000.0,,1095900000.0,468226000.0,167711000.0,,,116437000.0,627674000.0,16282000.0,718449000.0,,,834886000.0,181633000.0,102600000.0,611694000.0,,42844000.0,,145621299.0,pass,2025-08-04 12:57:26.677893,2025-08-04 12:57:26.677893
10510,DX,2011-03-31,quarterly,USD,2359816000.0,59403000.0,49840000.0,49840000.0,,9563000.0,2147068000.0,,,,,,,,1171000.0,,,1976323000.0,12197000.0,1311000.0,,,,106223000.0,,106223000.0,,,106223000.0,10886000.0,,383493000.0,,-256913000.0,403000.0,11052000.0,pass,2025-08-04 12:59:34.386645,2025-08-04 12:59:34.386645
44,OST,2020-12-31,quarterly,None,68793816.0,48682927.0,2143815.0,2143815.0,29832722.0,14751801.0,20110889.0,,,1709816.0,1709816.0,,,,,1954589.0,,55464486.0,55079232.0,21414640.0,,,17834809.0,385254.0,,,,,18009418.0,15829783.0,,12623633.0,,2112933.0,1013.0,10125000.0,pass,2025-08-03 18:26:56.480544,2025-08-03 18:26:56.480544
2599,MIDD,2024-09-30,quarterly,USD,7201081000.0,2291610000.0,606004000.0,606004000.0,905865000.0,614976000.0,4909471000.0,,,1650962000.0,1650962000.0,2506810000.0,,,,164765000.0,,3608140000.0,814712000.0,214699000.0,,,69246000.0,2793428000.0,25188000.0,2361252000.0,44058000.0,,2405310000.0,399085000.0,179404000.0,3592941000.0,,4215883000.0,148000.0,54037000.0,pass,2025-08-04 08:56:20.615686,2025-08-04 08:56:20.615686
5381,TBCH,2014-06-30,quarterly,None,211764000.0,78652000.0,8958000.0,8958000.0,37497000.0,15164000.0,133112000.0,,,40385000.0,40385000.0,80974000.0,,,,17033000.0,,79656000.0,49027000.0,10528000.0,,,26578000.0,30629000.0,,,,,26578000.0,11921000.0,,132108000.0,,6567000.0,42000.0,10206750.0,pass,2025-08-04 09:15:46.882559,2025-08-04 09:15:46.882559
10677,EGP,2009-12-31,quarterly,USD,1178518000.0,65081000.0,1062000.0,1062000.0,,23622000.0,1113437000.0,,,4124000.0,4124000.0,990000.0,,,2725000.0,8360000.0,,731422000.0,731422000.0,7868000.0,,,692105000.0,39317000.0,,672361000.0,,,692105000.0,-676371000.0,,444519000.0,,-144363000.0,3000.0,26735000.0,pass,2025-08-04 11:36:27.856299,2025-08-04 11:36:27.856299
18187,AVGR,2021-12-31,quarterly,USD,29485000.0,25791000.0,19497000.0,19497000.0,4601000.0,1393000.0,3694000.0,3273000.0,,,,,,,,600000.0,,19762000.0,4706000.0,1394000.0,,,1970000.0,15056000.0,3179000.0,12287000.0,,,15466000.0,1186000.0,2769000.0,9723000.0,,-384753000.0,96000.0,318533.0,pass,2025-08-04 11:11:50.273746,2025-08-04 11:11:50.273746
5674,SPCB,2008-12-31,quarterly,USD,8935000.0,6443000.0,812000.0,812000.0,1307000.0,1914000.0,2492000.0,218000.0,,1275000.0,1275000.0,685000.0,,,2150000.0,260000.0,,10802000.0,10424000.0,1714000.0,,,3456000.0,378000.0,,,,,3456000.0,247000.0,,-1867000.0,,-42294000.0,82000.0,124075.0,pass,2025-08-04 09:17:34.394560,2025-08-04 09:17:34.394560
14625,VOXR,2021-03-31,quarterly,USD,29024889.0,11746131.0,10723135.0,10723135.0,,729933.0,17278758.0,,,1676903.0,1676903.0,,,,,293063.0,,4604988.0,2628981.0,421835.0,,,,1976007.0,,,,,,2207146.0,,24419901.0,,-19729652.0,3810.0,32993414.0,pass,2025-08-04 10:47:15.437575,2025-08-04 10:47:15.437575
8606,BAP,2020-06-30,quarterly,PEN,221512927000.0,69147820000.0,36116382000.0,36116382000.0,,817773000.0,152365107000.0,2122445000.0,,2474740000.0,2474740000.0,851731000.0,,42926670000.0,32213665000.0,104041608000.0,,197636871000.0,152804144000.0,221118000.0,,,22437742000.0,44832727000.0,,25568414000.0,,,48062282000.0,130145284000.0,,23396028000.0,-209309000.0,-407427000.0,1318993000.0,79741645.0,pass,2025-08-04 12:00:11.766926,2025-08-04 12:00:11.766926
2212,NAUT,2023-12-31,quarterly,USD,305565000.0,176837000.0,19397000.0,19397000.0,,,128728000.0,,,,,,,90647000.0,154021000.0,3419000.0,,40212000.0,9122000.0,1639000.0,,,3538000.0,31090000.0,34628000.0,,,,34628000.0,379000.0,,265353000.0,,-202239000.0,13000.0,124984918.0,pass,2025-08-04 08:53:47.693229,2025-08-04 08:53:47.693229
7645,ABCB,2013-12-31,quarterly,USD,3667649000.0,804695000.0,253019000.0,253019000.0,150798000.0,65441000.0,2862954000.0,103188000.0,,6009000.0,6009000.0,35049000.0,,2519173000.0,486235000.0,2215645000.0,,3350950000.0,3092747000.0,2999231000.0,,,93516000.0,258203000.0,,250038000.0,,,333554000.0,2999231000.0,101681000.0,316699000.0,-11182000.0,83991000.0,26462000.0,24451000.0,pass,2025-08-04 09:30:02.989817,2025-08-04 09:30:02.989817
2438,NCPLW,2021-01-31,quarterly,USD,20191833.0,1517353.0,286461.0,286461.0,1.0,972586.0,18674480.0,,,14803954.0,14803954.0,,,,,258306.0,,8051691.0,7250006.0,4180043.0,,,2641299.0,801685.0,,,,,3442984.0,428075.0,,12140142.0,,-2358747.0,2081.0,2012729.0,pass,2025-08-04 08:55:16.538624,2025-08-04 08:55:16.538624
1142,PLUR,2014-03-31,quarterly,USD,77388000.0,64709000.0,3638000.0,3638000.0,,,12679000.0,,,,,,,,56479000.0,4592000.0,,11430000.0,6442000.0,2696000.0,,,,4988000.0,,,,,,3106000.0,,65958000.0,,-107638000.0,,820099.0,pass,2025-08-04 08:45:40.307483,2025-08-04 08:45:40.307483
4190,WKSP,2023-12-31,quarterly,USD,25953916.0,9123506.0,3365778.0,3365778.0,3631492.0,628987.0,16830410.0,,,1338889.0,1338889.0,,,90731.0,1492034.0,5215.0,,7775373.0,7166612.0,1451181.0,,,5630421.0,608761.0,936990.0,,5302192.0,,6239182.0,85010.0,,18178543.0,,-48313177.0,2032.0,9982933.0,pass,2025-08-04 09:07:31.219819,2025-08-04 09:07:31.219819
1818,KLAC,2019-06-30,quarterly,USD,9008516000.0,4315075000.0,1739385000.0,1739385000.0,1262500000.0,1084128000.0,4693441000.0,448799000.0,,1560670000.0,1560670000.0,2211858000.0,,,723391000.0,229062000.0,,6330823000.0,1768486000.0,202416000.0,,,249999000.0,4562337000.0,,3173383000.0,249999000.0,,3423382000.0,1292721000.0,686669000.0,2659108000.0,,714825000.0,2017312000.0,161937000.0,pass,2025-08-04 08:51:00.221461,2025-08-04 08:51:00.221461
9855,IDT,2009-04-30,quarterly,USD,635902000.0,394073000.0,126095000.0,126095000.0,-3573000.0,138075000.0,241829000.0,197530000.0,,2182000.0,2182000.0,12355000.0,,,22017000.0,107886000.0,,466476000.0,343677000.0,54816000.0,,,17549000.0,122799000.0,,105325000.0,,,115192000.0,168408000.0,,166073000.0,-292104000.0,-259147000.0,354000.0,22052000.0,pass,2025-08-04 12:32:46.807379,2025-08-04 12:32:46.807379
853,PSTL,2020-03-31,quarterly,USD,158376806.0,9057465.0,2844040.0,2844040.0,691766.0,1787221.0,149319341.0,140632762.0,,8686579.0,8686579.0,,,,,3734438.0,,82304802.0,71220430.0,3220430.0,,,68000000.0,11084372.0,7899853.0,3184519.0,68000000.0,,139184520.0,-68000000.0,7899853.0,50064935.0,,-4176857.0,54201.0,5174569.0,pass,2025-08-04 12:22:09.103320,2025-08-04 12:22:09.103320
9876,IOSP,2018-03-31,quarterly,USD,1472900000.0,622700000.0,78100000.0,78100000.0,247700000.0,280300000.0,850200000.0,196800000.0,-124600000.0,158300000.0,158300000.0,364100000.0,,,0.0,16600000.0,,648100000.0,292600000.0,128200000.0,,,18300000.0,355500000.0,2700000.0,197800000.0,15800000.0,,218800000.0,134800000.0,108300000.0,824400000.0,-93200000.0,627200000.0,300000.0,24574000.0,pass,2025-08-04 09:41:57.171067,2025-08-04 09:41:57.171067
4776,RELX,2022-09-30,quarterly,GBP,,3069000000.0,,,309000000.0,2095000000.0,,271000000.0,,,,,,,,21000000.0,,,5187000000.0,129000000.0,,,,,,,,,,3185000000.0,,,,,279000000.0,,pass,2025-08-04 12:23:17.314333,2025-08-04 12:23:17.314333
10240,FC,2024-08-31,quarterly,USD,261539000.0,160253000.0,48663000.0,48663000.0,4002000.0,86002000.0,101286000.0,,,37766000.0,37766000.0,31220000.0,,,,21586000.0,,178404000.0,162453000.0,7862000.0,,,4456000.0,15951000.0,4424000.0,775000.0,835000.0,,7174000.0,48917000.0,10732000.0,83135000.0,,123204000.0,1353000.0,13387000.0,pass,2025-08-04 12:00:22.505526,2025-08-04 12:00:22.505526
7199,AMZN,2017-12-31,annual,USD,131310000000.0,60197000000.0,20522000000.0,20522000000.0,16047000000.0,13164000000.0,71113000000.0,48866000000.0,,3371000000.0,3371000000.0,13350000000.0,,441000000.0,10464000000.0,-13164000000.0,,103601000000.0,57883000000.0,34616000000.0,,,6182000000.0,45718000000.0,13183000000.0,24743000000.0,100000000.0,,37926000000.0,18170000000.0,20975000000.0,27709000000.0,-1837000000.0,8636000000.0,5000000.0,9860000000.0,pass,2025-08-04 09:26:39.118478,2025-08-04 09:26:39.118478
1782,LXEO,2020-12-31,annual,USD,29409281.0,29406781.0,29373209.0,29373209.0,,,2500.0,,,,,,,,,33572.0,,34945708.0,697722.0,44319.0,,,513019.0,34247986.0,,,,,3010000.0,474715.0,,-5536427.0,,-5547825.0,1604.0,25169328.0,pass,2025-08-04 08:50:50.432722,2025-08-04 08:50:50.432722
16556,CVU,2019-12-31,quarterly,USD,44339580.0,34831456.0,4052109.0,4052109.0,5891386.0,22785313.0,9508124.0,7169802.0,,375000.0,375000.0,1784254.0,,,,1380684.0,,52079820.0,20979737.0,8199557.0,,,2484619.0,31100083.0,4305937.0,28503300.0,2484619.0,,30987919.0,6213886.0,2596784.0,-7740240.0,,-79046688.0,11819.0,11837014.0,pass,2025-08-04 12:11:24.473661,2025-08-04 12:11:24.473661
10347,EWTX,2023-12-31,quarterly,USD,340035000.0,326997000.0,86097000.0,86097000.0,,,13038000.0,,,,,,,,232296000.0,8604000.0,,21205000.0,16771000.0,4025000.0,,,1960000.0,4434000.0,5414000.0,,,,5414000.0,10786000.0,,318830000.0,,-244763000.0,7000.0,64774775.0,pass,2025-08-04 09:44:42.599214,2025-08-04 09:44:42.599214
20273,EVRI,2014-09-30,quarterly,USD,518110000.0,190770000.0,106499000.0,106499000.0,10905000.0,44595000.0,327340000.0,19707000.0,,39314000.0,39314000.0,188491000.0,,,367000.0,28771000.0,,281459000.0,185716000.0,36379000.0,,,20996000.0,95743000.0,,95743000.0,,,116739000.0,116711000.0,,236651000.0,-175957000.0,165901000.0,90000.0,66747000.0,pass,2025-08-04 12:10:18.685080,2025-08-04 12:10:18.685080
2672,METC,2020-06-30,quarterly,USD,242101000.0,54175000.0,9759000.0,9759000.0,25455000.0,15801000.0,187926000.0,183145000.0,,,,,,,,3160000.0,,65568000.0,27837000.0,8236000.0,,,-7838000.0,37731000.0,,15901000.0,4914000.0,,20815000.0,13548000.0,975000.0,176533000.0,,19330000.0,426000.0,42704000.0,pass,2025-08-04 08:56:49.607934,2025-08-04 08:56:49.607934
9114,GNTX,2019-12-31,annual,USD,2168803193.0,950376892.0,296321622.0,296321622.0,248941855.0,235410326.0,1218426301.0,498316100.0,-728811261.0,272835033.0,272835033.0,307365845.0,,139909323.0,140384053.0,29319036.0,,230715373.0,171846800.0,97553917.0,,,,58868573.0,,,,,,74267931.0,7414424.0,1938087820.0,,1116372133.0,15076651.0,253272990.0,pass,2025-08-04 09:38:42.609620,2025-08-04 09:38:42.609620
11674,OXLCN,2016-03-31,quarterly,USD,272533590.0,27665274.0,20363213.0,20363213.0,,7302061.0,239643865.0,,,,,,,,,58875.0,,140583708.0,39500.0,39500.0,,,,,,,,,,-39500.0,,131949882.0,,-11391094.0,283853666.0,18486925.0,pass,2025-08-04 09:52:12.390739,2025-08-04 09:52:12.390739
7168,CULP,2009-07-31,quarterly,None,92411000.0,54051000.0,15481000.0,15481000.0,21717000.0,13837000.0,38360000.0,,,,,11462000.0,,,,3016000.0,,42235000.0,25457000.0,14317000.0,,,5269000.0,16778000.0,,,,,20425000.0,5799000.0,,50176000.0,,1521000.0,642000.0,12751000.0,pass,2025-08-04 12:54:37.131769,2025-08-04 12:54:37.131769
15241,RCF-U,,quarterly,,,,,,,,,,,,,,,,,,,,,,,,,,,,,,,,,,,,,,error,2025-08-04 12:52:29.578162,2025-08-04 12:52:29.578162
10905,FUBO,2013-09-30,quarterly,USD,428687.0,130519.0,130519.0,130519.0,,,298168.0,,,292931.0,292931.0,,,,,,,230385.0,230385.0,,,,60847.0,,,,,,60847.0,230385.0,,198302.0,,-1078736.0,2994.0,990000.0,pass,2025-08-04 12:46:07.496714,2025-08-04 12:46:07.496714
11110,GDYN,2020-09-30,quarterly,USD,157801000.0,147839000.0,126526000.0,126526000.0,1130000.0,17697000.0,9962000.0,2477000.0,,1492000.0,1492000.0,,,,,3616000.0,,7796000.0,7796000.0,518000.0,,,6998000.0,6148000.0,,,,,,6299000.0,,150005000.0,,27513000.0,5000.0,49651000.0,pass,2025-08-04 09:48:42.612332,2025-08-04 09:48:42.612332
4531,SHEN,2018-12-31,quarterly,USD,1484766000.0,210202000.0,85086000.0,85086000.0,5265000.0,59689000.0,1274564000.0,701359000.0,,366029000.0,366029000.0,146497000.0,,10788000.0,4930000.0,125116000.0,,1042519000.0,88539000.0,35987000.0,,,20618000.0,953980000.0,,749624000.0,20618000.0,,770242000.0,24015000.0,204356000.0,442247000.0,,386511000.0,442247000.0,50112000.0,pass,2025-08-04 09:09:46.394523,2025-08-04 09:09:46.394523
3752,XHR,2018-09-30,quarterly,USD,3111708000.0,190131000.0,90040000.0,90040000.0,-24605000.0,42105000.0,2921577000.0,2790838000.0,,65658000.0,65658000.0,0.0,,,24605000.0,57986000.0,,1307745000.0,129250000.0,97700000.0,,,,1178495000.0,,1133888000.0,,,1133888000.0,31550000.0,44607000.0,1766078000.0,0.0,-318616000.0,1126000.0,112361052.0,pass,2025-08-04 12:35:43.993410,2025-08-04 12:35:43.993410
7649,AAMI,2019-06-30,quarterly,None,1425100000.0,271200000.0,95900000.0,95900000.0,,167900000.0,1153900000.0,,,68400000.0,68400000.0,274600000.0,,,,7400000.0,,1321500000.0,108500000.0,47700000.0,,,,1213000000.0,,,,,628500000.0,5200000.0,,-12700000.0,,,100000.0,91500000.0,pass,2025-08-04 12:06:22.455127,2025-08-04 12:06:22.455127
3469,TYGO,2019-12-31,annual,None,25000.0,25000.0,25000.0,25000.0,,,,,,,,,,,,,,1225.0,1225.0,,,,,,,,,,,1225.0,,23775.0,,-1225.0,287.0,14836500.0,pass,2025-08-04 09:02:33.167694,2025-08-04 09:02:33.167694
17659,BGC,2011-03-31,quarterly,USD,1758881000.0,1428023000.0,453650000.0,453650000.0,1324300000.0,908624000.0,330858000.0,,,12952000.0,12952000.0,83085000.0,,,65749000.0,1377000000.0,,1411455000.0,1124902000.0,1049700000.0,,,181800000.0,286614000.0,,,,,185560000.0,1124902000.0,,258913000.0,,-28721000.0,4352000.0,237065000.0,pass,2025-08-04 12:55:51.225964,2025-08-04 12:55:51.225964
576,O,2007-03-31,quarterly,USD,2575313000.0,11038000.0,5399000.0,5399000.0,,5639000.0,7469000.0,,,7469000.0,7469000.0,17206000.0,,,2648000.0,35822000.0,,1006351000.0,40000000.0,16192000.0,,,,1006351000.0,,965800000.0,,,965800000.0,40000000.0,,1568962000.0,,-310319000.0,1541491000.0,100276300.0,pass,2025-08-04 11:36:18.250974,2025-08-04 11:36:18.250974
9255,GTBP,2012-06-30,quarterly,USD,125000.0,109000.0,5000.0,5000.0,92000.0,,16000.0,,,16000.0,16000.0,,,,,12000.0,,6559000.0,6559000.0,813000.0,,,2205000.0,,,,,,2205000.0,3541000.0,,-6421000.0,,-86805000.0,364000.0,285.0,pass,2025-08-04 09:39:27.036648,2025-08-04 09:39:27.036648
15012,SE,2019-12-31,annual,USD,5224169000.0,4410139000.0,3118988000.0,3118988000.0,26932000.0,451361245.0,814030000.0,501585000.0,,15020000.0,15020000.0,30952000.0,,113797000.0,102324000.0,974860000.0,,4051517000.0,2362366000.0,69370000.0,,,89012000.0,1689151000.0,207582000.0,1356690000.0,30739000.0,,1587749000.0,2176772000.0,976000.0,1162424000.0,,-3530585000.0,230000.0,436601801.0,pass,2025-08-04 11:44:27.522973,2025-08-04 11:44:27.522973
1481,LNC,2022-03-31,quarterly,USD,365929000000.0,133370000000.0,1960000000.0,1960000000.0,-6974000000.0,20715000000.0,117204000000.0,,,8810000000.0,8810000000.0,1778000000.0,,145871000000.0,110695000000.0,6974000000.0,,351217000000.0,-11117000000.0,8927000000.0,,,0.0,6561000000.0,,8725000000.0,0.0,,8725000000.0,-11117000000.0,333565000000.0,14712000000.0,,8876000000.0,4586000000.0,173761296.0,pass,2025-08-04 11:49:52.860319,2025-08-04 11:49:52.860319
6872,CSIQ,2009-09-30,quarterly,USD,947238000.0,670218000.0,103094000.0,103094000.0,144351000.0,259010000.0,277020000.0,207655000.0,,12801000.0,12801000.0,,,,132620000.0,163763000.0,,571950000.0,515676000.0,156487000.0,,,321962000.0,56274000.0,,31608000.0,,,353570000.0,35388000.0,,375302000.0,,27127000.0,395425000.0,36571071.0,pass,2025-08-04 09:24:41.666590,2025-08-04 09:24:41.666590
4355,SCHL,2009-02-28,quarterly,USD,1654100000.0,886000000.0,37000000.0,37000000.0,413800000.0,196600000.0,768100000.0,316300000.0,,46900000.0,46900000.0,141000000.0,,,,238600000.0,,888800000.0,460500000.0,132100000.0,,,56100000.0,428300000.0,,317700000.0,,,373800000.0,223600000.0,,765300000.0,-251600000.0,537700000.0,400000.0,36900000.0,pass,2025-08-04 09:08:51.088267,2025-08-04 09:08:51.088267
2591,MHK,2023-03-31,quarterly,USD,14763457000.0,6061139000.0,572858000.0,572858000.0,2729876000.0,2052362000.0,8702318000.0,4945952000.0,-5146847000.0,893064000.0,893064000.0,2022457000.0,,,150000000.0,556043000.0,,6657751000.0,3318373000.0,1211652000.0,,,1162961000.0,3339378000.0,410611000.0,2265138000.0,1056473000.0,,3732222000.0,943760000.0,645490000.0,8105706000.0,,7489998000.0,710000.0,63846000.0,pass,2025-08-04 12:24:12.772714,2025-08-04 12:24:12.772714
8441,BC,2013-12-31,quarterly,USD,2915800000.0,1508600000.0,356500000.0,356500000.0,599300000.0,345700000.0,1407200000.0,617800000.0,,35400000.0,35400000.0,291700000.0,,,12700000.0,209800000.0,,1877400000.0,883100000.0,297600000.0,,,6400000.0,994300000.0,,453400000.0,,,459800000.0,521500000.0,540900000.0,1038400000.0,-293300000.0,1263300000.0,76900000.0,94400000.0,pass,2025-08-04 12:51:42.758347,2025-08-04 12:51:42.758347
2499,NDMO,2023-10-31,quarterly,USD,861111179.0,28915469.0,981452.0,981452.0,27934017.0,27934017.0,831805269.0,,,,,,,831805269.0,,-27934017.0,,277607013.0,36618104.0,36618104.0,,,,,,,,,,-36618104.0,,583504166.0,,-257223171.0,595622.0,59562212.0,pass,2025-08-04 11:50:59.404002,2025-08-04 11:50:59.404002
19062,HTCH,,annual,,,,,,,,,,,,,,,,,,,,,,,,,,,,,,,,,,,,,,error,2025-08-04 11:17:52.741731,2025-08-04 11:17:52.741731
4057,VRSK,2017-12-31,quarterly,USD,6020300000.0,597600000.0,142300000.0,142300000.0,38100000.0,374300000.0,5422700000.0,478300000.0,,1345300000.0,1345300000.0,3368700000.0,,8400000.0,3800000.0,77200000.0,,4094900000.0,1337600000.0,68900000.0,,,733800000.0,2757300000.0,,2284400000.0,3008800000.0,,3008800000.0,160600000.0,,1925400000.0,-3150500000.0,3308000000.0,100000.0,168333259.0,pass,2025-08-04 09:06:28.951552,2025-08-04 09:06:28.951552
10839,GAIN,2022-12-31,quarterly,USD,771564000.0,507399000.0,1978000.0,1978000.0,6925000.0,5899000.0,760463000.0,,,,,,,760463000.0,501343000.0,-8746000.0,,322373000.0,258882000.0,4059000.0,,,257119000.0,63491000.0,,286719000.0,,,543838000.0,-2296000.0,869000.0,449191000.0,,427000.0,33000.0,33316055.0,pass,2025-08-04 09:47:08.708599,2025-08-04 09:47:08.708599
6066,CMCM,2016-03-31,quarterly,CNY,4890846000.0,3033368000.0,1388402000.0,1388402000.0,502641000.0,763539000.0,1857478000.0,19726000.0,,191753000.0,191753000.0,615767000.0,,873000000.0,295295000.0,586132000.0,,1789635000.0,1655420000.0,168795000.0,,,130145000.0,134215000.0,,1538000.0,140000000.0,,140059000.0,1323780000.0,,2938435000.0,,328523000.0,228000.0,576753.0,pass,2025-08-04 11:57:54.378172,2025-08-04 11:57:54.378172
8911,HTBK,2019-12-31,annual,USD,4109463000.0,929338000.0,457370000.0,457370000.0,-468285000.0,67143000.0,3180125000.0,8250000.0,,20415000.0,20415000.0,167420000.0,,3312838000.0,404825000.0,468285000.0,,3532755000.0,3493201000.0,78105000.0,,,328000.0,39554000.0,,39554000.0,328000.0,,39882000.0,3414768000.0,78105000.0,576708000.0,,96741000.0,489745000.0,47906000.0,pass,2025-08-04 09:37:32.787469,2025-08-04 09:37:32.787469
1218,PH,2019-09-30,quarterly,USD,19568589000.0,8138079000.0,3627393000.0,3627393000.0,1790044000.0,2272004000.0,11430510000.0,1880157000.0,,2693756000.0,2693756000.0,5818613000.0,,892508000.0,282102000.0,455298000.0,,13465797000.0,4157328000.0,1287420000.0,,,1736779000.0,9308469000.0,,7366912000.0,1736779000.0,,9103691000.0,944558000.0,1763103000.0,6096616000.0,-5330837000.0,13003084000.0,90523000.0,130130076.0,pass,2025-08-04 12:04:04.010935,2025-08-04 12:04:04.010935
3793,ZIM,2024-09-30,quarterly,USD,11018500000.0,3586200000.0,1548700000.0,1548700000.0,208400000.0,1062500000.0,7432300000.0,6381700000.0,,107600000.0,107600000.0,,,870600000.0,766600000.0,,,7087800000.0,2687100000.0,668300000.0,,,1492000000.0,4400700000.0,5718300000.0,67400000.0,58400000.0,,5844100000.0,93000000.0,,3925900000.0,,1884800000.0,927100000.0,120475000.0,pass,2025-08-04 12:19:51.425904,2025-08-04 12:19:51.425904
12193,QIPT,2005-12-31,quarterly,CAD,1546884.0,446070.0,-527732.0,-527732.0,,275940.0,1047358.0,,,16719.0,16719.0,283250.0,,,1010.0,169119.0,,2350219.0,1799927.0,763892.0,,,337305.0,550291.0,,,,,839936.0,698729.0,,-803335.0,,-3610827.0,,70206.0,pass,2025-08-04 10:31:11.893059,2025-08-04 10:31:11.893059
4166,WNEB,2006-09-30,quarterly,USD,837465000.0,20312000.0,15992000.0,15992000.0,,4320000.0,817153000.0,11555000.0,,,,,,,,,,720439000.0,658131000.0,638104000.0,,,20027000.0,62308000.0,,55000000.0,,,75027000.0,638104000.0,,117026000.0,-18634000.0,93485000.0,106000.0,31261729.0,pass,2025-08-04 09:07:17.937072,2025-08-04 09:07:17.937072
3009,UGI,2006-09-30,annual,USD,4571500000.0,1172300000.0,315000000.0,315000000.0,239900000.0,432200000.0,3399200000.0,2214700000.0,,1581500000.0,1581500000.0,,,,14800000.0,54900000.0,,3367600000.0,1163100000.0,399700000.0,,,349400000.0,1877200000.0,,1965000000.0,,,1741900000.0,414000000.0,,997600000.0,-74100000.0,266300000.0,793600000.0,158584500.0,pass,2025-08-04 11:48:58.737237,2025-08-04 11:48:58.737237
340,PAYX,2011-08-31,quarterly,USD,4991500000.0,3833400000.0,113100000.0,113100000.0,0.0,220000000.0,1158100000.0,310500000.0,,71300000.0,71300000.0,513600000.0,,232900000.0,372000000.0,3128300000.0,,3452200000.0,3337100000.0,38500000.0,,,222800000.0,115100000.0,,0.0,,,,3238100000.0,83400000.0,1539300000.0,0.0,951500000.0,3600000.0,362800000.0,pass,2025-08-03 23:27:15.360621,2025-08-03 23:27:15.360621
587,ODFL,2005-12-31,quarterly,USD,641648000.0,150213000.0,986000.0,986000.0,,127199000.0,491435000.0,466071000.0,,13288000.0,13288000.0,13288000.0,,,,22028000.0,,296597000.0,111028000.0,30967000.0,,,17930000.0,185569000.0,,111026000.0,,,128956000.0,58053000.0,,345051000.0,,250430000.0,3728000.0,251671556.0,pass,2025-08-03 23:29:05.974668,2025-08-03 23:29:05.974668
6151,BX,2016-12-31,quarterly,USD,26403337000.0,2609948000.0,1837253000.0,1837253000.0,0.0,2215073000.0,23674894000.0,126784000.0,,262604000.0,262604000.0,1718519000.0,,17694975000.0,1123656000.0,-1442378000.0,,13888404000.0,11076000000.0,1081782000.0,,,8953066000.0,8866000000.0,,8866366000.0,8953066000.0,,17819432000.0,9994218000.0,290722000.0,6461042000.0,0.0,0.0,6523929000.0,660939708.0,pass,2025-08-04 11:43:13.552168,2025-08-04 11:43:13.552168
8732,HFBL,2013-09-30,quarterly,USD,292688000.0,63996000.0,10275000.0,10275000.0,5976000.0,778000.0,228692000.0,6935000.0,,,,,,,52943000.0,,,250523000.0,233798000.0,232525000.0,,,500000.0,16725000.0,,16333000.0,,,16333000.0,233798000.0,,42165000.0,-13641000.0,25967000.0,33000.0,4332000.0,pass,2025-08-04 09:36:39.992486,2025-08-04 09:36:39.992486
6023,CLLS,2019-12-31,quarterly,USD,467469000.0,391520000.0,360907000.0,360907000.0,2897000.0,15293000.0,75949000.0,69324000.0,,1108000.0,1108000.0,,,5517000.0,20385000.0,12423000.0,,111999000.0,62604000.0,29264000.0,,,1067000.0,49395000.0,47607000.0,46540000.0,1067000.0,,47607000.0,12110000.0,,315123000.0,,-508482000.0,2767000.0,42452336.0,pass,2025-08-04 09:19:51.398143,2025-08-04 09:19:51.398143
8479,BBDC,2008-03-31,quarterly,USD,143798855.0,16015095.0,15611011.0,15611011.0,,404084.0,1618815.0,33000.0,,,,,,,,178000.0,,49561111.0,2500000.0,186000.0,,,1571822.0,47100000.0,,47050000.0,,,47050000.0,2218420.0,,94237744.0,,3526071.0,6804.0,6803863.0,pass,2025-08-04 11:45:15.335071,2025-08-04 11:45:15.335071
6079,CMP,2016-09-30,quarterly,USD,2102400000.0,860800000.0,432200000.0,432200000.0,272600000.0,115100000.0,1241600000.0,907600000.0,,334000000.0,334000000.0,60600000.0,,127500000.0,0.0,40900000.0,,1435100000.0,134300000.0,52200000.0,,,8500000.0,1300800000.0,,1204100000.0,8500000.0,,1212600000.0,73600000.0,26600000.0,667300000.0,-3000000.0,653500000.0,400000.0,33789000.0,pass,2025-08-04 12:13:14.023348,2025-08-04 12:13:14.023348
8958,HWBK,2005-12-31,annual,USD,1126470000.0,43055000.0,35283000.0,35283000.0,1568000.0,7773000.0,1083415000.0,32891000.0,,46646000.0,46646000.0,40323000.0,,,12448000.0,824186035.0,,1029738000.0,923772000.0,3124000.0,,,38094000.0,105966000.0,,60413000.0,,,139760000.0,882554000.0,,96733000.0,-2653000.0,74129000.0,4298000.0,7275446.0,pass,2025-08-04 09:37:45.370482,2025-08-04 09:37:45.370482
7991,BFH,2022-06-30,quarterly,USD,21811000000.0,3335000000.0,3111000000.0,3111000000.0,,15777000000.0,1137000000.0,219000000.0,,694000000.0,694000000.0,,,15777000000.0,131000000.0,93000000.0,,19536000000.0,16526000000.0,11028000000.0,,,5498000000.0,7437000000.0,,7437000000.0,,,12935000000.0,11028000000.0,3010000000.0,2275000000.0,,114000000.0,1000000.0,49900000.0,pass,2025-08-04 12:17:07.173559,2025-08-04 12:17:07.173559
6920,COUR,2021-12-31,annual,USD,958910000.0,892331000.0,580658000.0,580658000.0,19666000.0,34396000.0,66579000.0,41046000.0,,10091000.0,10091000.0,,,,241117000.0,36160000.0,,217397000.0,201123000.0,23257000.0,,,16062000.0,16274000.0,19895000.0,,,,19895000.0,126695000.0,559000.0,741513000.0,-4701000.0,-488766000.0,1000.0,113587523.0,pass,2025-08-04 11:39:19.338189,2025-08-04 11:39:19.338189
11357,FRPH,2020-06-30,quarterly,USD,534117000.0,166519000.0,30742000.0,30742000.0,,1980000.0,367598000.0,206540000.0,,,,,,159779000.0,130058000.0,3739000.0,,148316000.0,5433000.0,2155000.0,,,362000.0,142883000.0,,88993000.0,,,89355000.0,2651000.0,2248000.0,369743000.0,,310486000.0,956000.0,19298000.0,pass,2025-08-04 09:50:01.950929,2025-08-04 09:50:01.950929
5997,CNTX,2024-12-31,annual,USD,98126759.0,97895984.0,94429824.0,94429824.0,,,230775.0,,,,,,,,,3466160.0,,2860497.0,2748433.0,1452188.0,,,107316.0,112064.0,219380.0,,,,219380.0,1188929.0,,95266262.0,,-94779694.0,89704.0,58416000.0,pass,2025-08-04 09:19:38.202277,2025-08-04 09:19:38.202277
7,ORN,2025-03-31,quarterly,USD,416310000.0,267022000.0,12956000.0,12956000.0,2130000.0,244117000.0,149288000.0,140578000.0,,,,,,,,7819000.0,,265477000.0,193669000.0,112009000.0,,,18109000.0,71808000.0,68092000.0,22042000.0,1274000.0,,91408000.0,287076000.0,1000.0,150833000.0,,-65105000.0,403000.0,39056396.0,pass,2025-08-04 12:58:08.836383,2025-08-04 12:58:08.836383
4288,WFCF,2006-06-30,quarterly,USD,934544.0,379177.0,232627.0,232627.0,7479.0,122956.0,555367.0,,,56285.0,56285.0,418208.0,,,,16115.0,,593879.0,243879.0,148458.0,,,72040.0,350000.0,,,,,422040.0,15981.0,,340665.0,,-1744168.0,26118.0,4937972.0,pass,2025-08-04 09:08:16.389984,2025-08-04 09:08:16.389984
10030,INEO,2022-12-31,annual,USD,40333000.0,39631000.0,919000.0,919000.0,18780000.0,19564000.0,702000.0,,,,,,,,,368000.0,,38982000.0,36896000.0,4995000.0,,,16065000.0,2086000.0,446000.0,1806000.0,15861000.0,,18113000.0,11460000.0,,1274000.0,,100000.0,5000.0,8625000.0,pass,2025-08-04 09:43:15.048849,2025-08-04 09:43:15.048849
7120,CSX,2009-12-31,annual,USD,27036000000.0,2570000000.0,1029000000.0,1029000000.0,203000000.0,995000000.0,24466000000.0,23213000000.0,7868000000.0,64000000.0,64000000.0,64000000.0,,438000000.0,61000000.0,282000000.0,,18176000000.0,1865000000.0,967000000.0,,,113000000.0,16311000000.0,,7895000000.0,,,8008000000.0,673000000.0,1831000000.0,8846000000.0,0.0,9182000000.0,393000000.0,3561174000.0,pass,2025-08-04 09:26:11.206209,2025-08-04 09:26:11.206209
9930,IRMD,2022-03-31,quarterly,USD,72393499.0,65514312.0,50446484.0,50446484.0,4345042.0,6513061.0,6879187.0,4564226.0,,1334670.0,1334670.0,,,,500090.0,3709635.0,,9845064.0,6249235.0,1136651.0,,,561396.0,3595829.0,2414472.0,,,,2414472.0,1806427.0,3595829.0,62548435.0,,36922508.0,1256.0,12655518.0,pass,2025-08-04 09:42:22.690433,2025-08-04 09:42:22.690433
743,PZZA,2007-09-30,quarterly,USD,400567000.0,72869000.0,8078000.0,8078000.0,22622000.0,21100000.0,327698000.0,202015000.0,,86403000.0,86403000.0,86403000.0,,,,21069000.0,,273129000.0,111591000.0,29560000.0,,,14400000.0,161538000.0,,124508000.0,,,138908000.0,56513000.0,,127438000.0,-168235000.0,89219000.0,348000.0,60054000.0,pass,2025-08-03 23:30:14.717907,2025-08-03 23:30:14.717907
9929,IRM,2019-09-30,quarterly,USD,13577167000.0,1203893000.0,186778000.0,186778000.0,1.0,821926000.0,12373274000.0,4556719000.0,-3311738000.0,1429610000.0,1429610000.0,4421995000.0,,21152000.0,,195189000.0,,12065318000.0,1830111000.0,289940000.0,,,394822000.0,10235207000.0,1626907000.0,8220347000.0,394822000.0,,10242076000.0,888021000.0,130290000.0,1510830000.0,,-2433802000.0,2871000.0,287691000.0,pass,2025-08-04 11:40:44.474196,2025-08-04 11:40:44.474196
1610,LILA,2013-12-31,annual,USD,3423100000.0,963400000.0,175000000.0,175000000.0,1.0,116200000.0,2459700000.0,869100000.0,,80000000.0,80000000.0,855500000.0,,,,672200000.0,,1923800000.0,489300000.0,40300000.0,,,123800000.0,1434500000.0,,1209800000.0,1333600000.0,,1333600000.0,325200000.0,,1266900000.0,,,1266900000.0,46303100.0,pass,2025-08-04 08:49:09.313758,2025-08-04 08:49:09.313758
11111,GE,2011-12-31,annual,USD,717300000000.0,445600000000.0,84501000000.0,84501000000.0,13800000000.0,307470000000.0,271700000000.0,65739000000.0,,12068000000.0,12068000000.0,72625000000.0,,,47374000000.0,-7537000000.0,,599200000000.0,483200000000.0,16400000000.0,,,148325000000.0,116000000000.0,,279618000000.0,,,453400000000.0,318475000000.0,,116400000000.0,-31769000000.0,137786000000.0,702000000.0,1321627000.0,pass,2025-08-04 12:58:38.312555,2025-08-04 12:58:38.312555
5377,TBB,2020-12-31,annual,USD,525761000000.0,52008000000.0,9740000000.0,9740000000.0,1822000000.0,20215000000.0,473753000000.0,14752000000.0,,146316000000.0,146316000000.0,135259000000.0,,1780000000.0,29000000.0,18358000000.0,,346521000000.0,63438000000.0,31836000000.0,,,3659000000.0,283083000000.0,24238000000.0,153775000000.0,3281000000.0,,179447000000.0,20748000000.0,28358000000.0,161673000000.0,-17910000000.0,37457000000.0,7621000000.0,7157000000.0,pass,2025-08-04 11:36:19.151292,2025-08-04 11:36:19.151292
7136,CVRX,2021-06-30,quarterly,USD,55062000.0,54216000.0,47128000.0,47128000.0,3161000.0,2243000.0,846000.0,820000.0,,,,,,,,3368000.0,,373993000.0,25044000.0,888000.0,,,1333000.0,348949000.0,,18082000.0,1333000.0,,19415000.0,22823000.0,884000.0,-318931000.0,,-378051000.0,4000.0,366066.0,pass,2025-08-04 09:26:15.617775,2025-08-04 09:26:15.617775
8118,BRK-A,2006-12-31,quarterly,USD,248437000000.0,56624000000.0,43743000000.0,43743000000.0,5257000000.0,12881000000.0,155425000000.0,,,32238000000.0,32238000000.0,32238000000.0,,,12403000000.0,,,137756000000.0,1355000000.0,20600000000.0,,,1355000000.0,49710000000.0,,,,,32605000000.0,-1355000000.0,,108419000000.0,,58912000000.0,8000000.0,2313972.0,pass,2025-08-04 11:39:21.078450,2025-08-04 11:39:21.078450
17844,BOLT,2023-12-31,quarterly,USD,159784000.0,105530000.0,10810000.0,10810000.0,,1300000.0,54254000.0,,,,,,,26413000.0,91379000.0,5560000.0,,47043000.0,20456000.0,2987000.0,,,5564000.0,26587000.0,20219000.0,,,,20219000.0,9704000.0,43000.0,112741000.0,,-364285000.0,1000.0,37941587.0,pass,2025-08-04 11:09:27.225304,2025-08-04 11:09:27.225304
396,NSIT,2019-03-31,quarterly,USD,2756467000.0,2152993000.0,124831000.0,124831000.0,187146000.0,1723817000.0,603474000.0,74038000.0,,108856000.0,108856000.0,166073000.0,,,,117199000.0,,1730249000.0,1409254000.0,897609000.0,,,1161000.0,320995000.0,,112000000.0,1161000.0,,114388000.0,443838000.0,207164000.0,1026218000.0,,743992000.0,358000.0,36103000.0,pass,2025-08-03 23:27:35.309494,2025-08-03 23:27:35.309494
