symbol_id,symbol,fiscal_date_ending,report_type,reported_currency,gross_profit,total_revenue,cost_of_revenue,cost_of_goods_and_services_sold,operating_income,selling_general_and_administrative,research_and_development,operating_expenses,investment_income_net,net_interest_income,interest_income,interest_expense,non_interest_income,other_non_operating_income,depreciation,depreciation_and_amortization,income_before_tax,income_tax_expense,interest_and_debt_expense,net_income_from_continuing_operations,comprehensive_income_net_of_tax,ebit,ebitda,net_income,api_response_status,created_at,updated_at
2787,MLP,2018-12-31,quarterly,USD,1980000.0,2725000.0,745000.0,745000.0,-1446000.0,545000.0,0.0,1249000.0,,,,45000.0,,,,231000.0,-1491000.0,370000.0,,3867000.0,,-1446000.0,-1215000.0,3659000.0,pass,2025-08-05 09:14:18.934977,2025-08-05 09:14:18.934977
8554,AZN,2010-12-31,annual,USD,26880000000.0,33269000000.0,6389000000.0,6389000000.0,11494000000.0,10445000000.0,5318000000.0,15386000000.0,,,,479000000.0,,,,2741000000.0,10977000000.0,2896000000.0,,,,11999000000.0,14740000000.0,8053000000.0,pass,2025-08-05 09:21:06.405017,2025-08-05 09:21:06.405017
10838,GAIA,2006-03-31,quarterly,USD,33162000.0,51752000.0,18590000.0,18590000.0,1010000.0,32152000.0,0.0,32152000.0,,,,0.0,,,,1682000.0,1587000.0,612000.0,,0.0,,-672000.0,1010000.0,890000.0,pass,2025-08-05 09:28:21.419171,2025-08-05 09:28:21.419171
8778,HKIT,2021-09-30,quarterly,None,990956.0,1735116.0,744160.0,744160.0,490225.0,471731.0,11610.0,498676.0,,,,,,,,77094.0,529870.0,128792.0,,,,490225.0,567319.0,401078.0,pass,2025-08-05 10:34:00.379813,2025-08-05 10:34:00.379813
6314,CBT,2014-03-31,quarterly,USD,176000000.0,898000000.0,722000000.0,722000000.0,68000000.0,92000000.0,16000000.0,108000000.0,,,,15000000.0,,-9000000.0,,49000000.0,48000000.0,7000000.0,,39000000.0,,84000000.0,133000000.0,36000000.0,pass,2025-08-05 08:41:06.772041,2025-08-05 08:41:06.772041
11577,NVRI,2021-12-31,annual,USD,357843000.0,1848399000.0,1490556000.0,1490556000.0,88376000.0,272233000.0,956000.0,273189000.0,,-66510000.0,2231000.0,59761000.0,,-3577000.0,,159634000.0,37506000.0,9089000.0,,28115000.0,,97267000.0,256901000.0,-3249000.0,pass,2025-08-05 00:15:08.366568,2025-08-05 00:15:08.366568
6897,CRAI,2016-09-30,quarterly,USD,23859000.0,81691000.0,57832000.0,57832000.0,5297000.0,16700000.0,0.0,18562000.0,,,,129000.0,,-108000.0,,1891000.0,5060000.0,1909000.0,,3151000.0,,5189000.0,7080000.0,3193000.0,pass,2025-08-05 09:25:06.378285,2025-08-05 09:25:06.378285
4282,WB,2017-03-31,quarterly,USD,152751000.0,199201000.0,46450000.0,46450000.0,55851000.0,10546000.0,39191000.0,96900000.0,,,,2222000.0,,,,122000.0,57951000.0,11316000.0,,46635000.0,,59224500.0,59346500.0,46931000.0,pass,2025-08-05 09:47:26.911206,2025-08-05 09:47:26.911206
5950,CNS,2013-12-31,quarterly,USD,42270000.0,73432000.0,31162000.0,31162000.0,29356000.0,11418000.0,0.0,12914000.0,,,,0.0,,1971000.0,,1496000.0,31327000.0,11899000.0,,19428000.0,,30129000.0,31625000.0,19413000.0,pass,2025-08-05 08:50:43.726760,2025-08-05 08:50:43.726760
6093,CLSKW,2019-09-30,quarterly,None,94103.0,976824.0,2040000.0,2040000.0,-2991000.0,2131000.0,419023.0,10093000.0,,,,2287000.0,,,,637508.0,-1916000.0,,,,,-2952508.0,-2315000.0,-1916000.0,pass,2025-08-05 09:41:31.734033,2025-08-05 09:41:31.734033
12597,PING,,annual,,,,,,,,,,,,,,,,,,,,,,,,,,error,2025-08-04 23:54:43.128877,2025-08-04 23:54:43.128877
2142,L,2012-06-30,quarterly,USD,2387000000.0,3388000000.0,1001000000.0,1001000000.0,-516000000.0,1001000000.0,0.0,3174000000.0,,,,111000000.0,,,,,214000000.0,16000000.0,,2658000000.0,,214000000.0,-516000000.0,56000000.0,pass,2025-08-04 23:41:55.652787,2025-08-04 23:41:55.652787
6477,DGII,2006-06-30,quarterly,USD,20638000.0,35860000.0,15222000.0,15222000.0,3751000.0,11485000.0,5402000.0,16887000.0,,,,575000.0,,,,2596000.0,4326000.0,978000.0,,0.0,,1155000.0,3751000.0,3348000.0,pass,2025-08-05 10:36:24.066796,2025-08-05 10:36:24.066796
3049,UL,2006-09-30,quarterly,EUR,9774500000.0,19821000000.0,10046500000.0,10046500000.0,2704000000.0,2327500000.0,,17215000000.0,,,,295000000.0,,,,491000000.0,2415500000.0,573000000.0,,,,2710500000.0,3201500000.0,2372500000.0,pass,2025-08-05 00:02:12.661579,2025-08-05 00:02:12.661579
10246,FBIOP,2015-03-31,quarterly,USD,500000.0,500000.0,,,-12071000.0,3490000.0,1642000.0,12571000.0,,,,331000.0,,,,6000.0,-12535000.0,-148000.0,,,,-12225000.0,-12219000.0,-12056000.0,pass,2025-08-05 09:33:43.406678,2025-08-05 09:33:43.406678
1043,QVCD,2014-03-31,quarterly,USD,730000000.0,1986000000.0,1256000000.0,1256000000.0,260000000.0,,,472000000.0,,,,62000000.0,,,,123000000.0,196000000.0,74000000.0,,,,260000000.0,383000000.0,113000000.0,pass,2025-08-05 09:10:16.442501,2025-08-05 09:10:16.442501
11420,FLYX,2021-12-31,quarterly,None,,,,,-529530.0,,,529533.0,,,,,,,,,-639658.0,,,,,,-639658.0,-639658.0,pass,2025-08-05 00:01:57.832714,2025-08-05 00:01:57.832714
4177,WING,2022-03-31,quarterly,USD,37364000.0,76205000.0,38841000.0,38841000.0,16607000.0,18086000.0,,20313000.0,,-4192000.0,,4192000.0,,-879000.0,,2227000.0,11536000.0,2860000.0,,8676000.0,,15728000.0,17955000.0,8676000.0,pass,2025-08-05 11:07:07.967765,2025-08-05 11:07:07.967765
8517,BCS,2010-12-31,quarterly,GBP,9332000000.0,9332000000.0,9921089000.0,9921089000.0,1791000000.0,9653911000.0,0.0,5891000000.0,,,,11562470000.0,,,,,1791000000.0,448000000.0,,0.0,,1791000000.0,1532000000.0,1084000000.0,pass,2025-08-05 09:07:24.850169,2025-08-05 09:07:24.850169
5652,SQM,2019-12-31,annual,USD,560052000.0,1943655000.0,1383603000.0,1383603000.0,433655000.0,59785000.0,,124851000.0,,-50650000.0,36051000.0,72522000.0,,,,206679000.0,390622000.0,110019000.0,,280603000.0,,453358000.0,660037000.0,278115000.0,pass,2025-08-04 23:57:05.168068,2025-08-04 23:57:05.168068
8884,HTZWW,2010-03-31,quarterly,USD,647900000.0,1660900000.0,1013000000.0,1013000000.0,20973000.0,,,626900000.0,,,,181100000.0,,,,459200000.0,-157800000.0,-11000000.0,,,,62724000.0,521924000.0,-150400000.0,pass,2025-08-05 11:07:57.885651,2025-08-05 11:07:57.885651
716,NXG,2024-11-30,quarterly,None,7502797.0,9253705.0,1750908.0,1750908.0,43228418.0,,,-35725621.0,,,,,,,,,41565225.0,,,,,,43228418.0,41565225.0,pass,2025-08-05 09:07:29.598306,2025-08-05 09:07:29.598306
7824,AFBI,2022-12-31,quarterly,USD,7903000.0,9544000.0,1691000.0,1691000.0,2212000.0,3002000.0,,5641000.0,,7337000.0,8978000.0,1641000.0,,,,667000.0,2212000.0,513000.0,,1699000.0,,2212000.0,2879000.0,1699000.0,pass,2025-08-05 09:49:48.745497,2025-08-05 09:49:48.745497
7261,ANGO,2018-08-31,quarterly,USD,44467000.0,85340000.0,40873000.0,40873000.0,326000.0,8496000.0,7662000.0,39707000.0,,,,917000.0,,114000.0,,5599000.0,-477000.0,-8000.0,,-469000.0,,-5273000.0,326000.0,-469000.0,pass,2025-08-05 11:23:36.440108,2025-08-05 11:23:36.440108
3647,XPRO,2020-12-31,quarterly,USD,106762000.0,154190000.0,47428000.0,47428000.0,-8281000.0,5129000.0,45025000.0,117417000.0,,,,93000.0,,5453000.0,,28940000.0,-14982000.0,735000.0,,-8206000.0,,-8281000.0,20659000.0,-15717000.0,pass,2025-08-05 08:49:13.888082,2025-08-05 08:49:13.888082
2847,MOFG,2018-06-30,quarterly,USD,30873000.0,37515000.0,6642000.0,6642000.0,10287000.0,12617000.0,0.0,20586000.0,,,,5392000.0,,,,1636000.0,10287000.0,2131000.0,,8156000.0,,10297000.0,11933000.0,8156000.0,pass,2025-08-05 11:21:40.621695,2025-08-05 11:21:40.621695
19169,HPCO,2023-09-30,quarterly,USD,-437993.0,1326012.0,1764005.0,1764005.0,-2113803.0,1173244.0,,1675810.0,,-82109.0,,82109.0,,,,52959.0,-2261508.0,-34482.0,,-2261508.0,,-2179399.0,-2126440.0,-2210513.0,pass,2025-08-05 11:03:01.375248,2025-08-05 11:03:01.375248
10037,INMB,2024-09-30,quarterly,USD,,0.0,,,-12286000.0,2219000.0,10067000.0,12286000.0,,,,,,,,,-12093000.0,,,-12093000.0,,,-12286000.0,-12093000.0,pass,2025-08-05 10:39:07.923027,2025-08-05 10:39:07.923027
5014,RRBI,2020-06-30,quarterly,USD,20981000.0,24573000.0,3592000.0,3592000.0,8385000.0,7646000.0,,12596000.0,,16954000.0,19021000.0,2067000.0,,,,567000.0,8385000.0,1531000.0,,6854000.0,,8385000.0,8952000.0,6854000.0,pass,2025-08-05 09:16:13.683787,2025-08-05 09:16:13.683787
7049,DAVA,2021-03-31,quarterly,GBP,38514000.0,112311000.0,73797000.0,73797000.0,18038000.0,20476000.0,,20476000.0,,-1541000.0,,,,,,5057000.0,16497000.0,3511000.0,,12986000.0,,18038000.0,23095000.0,12986000.0,pass,2025-08-04 23:53:14.339166,2025-08-04 23:53:14.339166
19832,DTV,,quarterly,,,,,,,,,,,,,,,,,,,,,,,,,,error,2025-08-04 23:25:04.432795,2025-08-04 23:25:04.432795
12508,POET,2015-06-30,quarterly,USD,,,,,-2915979.0,1942476.0,916709.0,2938772.0,,,,,,,,79587.0,-2915979.0,-22793.0,,,,-2938772.0,-2859185.0,-2915979.0,pass,2025-08-05 10:57:23.319644,2025-08-05 10:57:23.319644
7245,AORT,2018-12-31,annual,USD,172984000.0,262841000.0,89857000.0,89857000.0,9312000.0,140574000.0,23098000.0,163672000.0,,-15562000.0,226000.0,15788000.0,,,,18095000.0,-6391000.0,-2586000.0,,-2840000.0,,12112000.0,30207000.0,-3805000.0,pass,2025-08-04 23:27:36.752310,2025-08-04 23:27:36.752310
7468,APLS,2014-12-31,annual,USD,0.0,0.0,0.0,0.0,-11294000.0,2908000.0,8380000.0,11294000.0,,,,0.0,,,,6594.0,-11232000.0,-443000.0,,-10788483.0,,-11294594.0,-11288000.0,-10788000.0,pass,2025-08-05 10:33:32.786269,2025-08-05 10:33:32.786269
269,PDFS,2008-06-30,quarterly,USD,13216000.0,21114000.0,7898000.0,7898000.0,-3230000.0,5646000.0,9134000.0,14975000.0,,,,0.0,,,,1316000.0,-2979000.0,-1039000.0,,0.0,,-1759000.0,-443000.0,-1940000.0,pass,2025-08-05 10:28:49.681699,2025-08-05 10:28:49.681699
7102,CTRM,2021-03-31,quarterly,USD,3005020.0,6972853.0,3967833.0,3967833.0,1491439.0,1513581.0,,1513581.0,,-355116.0,,303134.0,,,,1088548.0,1127060.0,364379.0,,1127060.0,,1482179.0,2570727.0,1127060.0,pass,2025-08-05 09:20:58.818714,2025-08-05 09:20:58.818714
3082,VCYT,2012-06-30,quarterly,USD,0.0,2479000.0,2651000.0,2651000.0,0.0,5359000.0,1677000.0,0.0,,,,0.0,,,,,0.0,0.0,,0.0,,0.0,,0.0,pass,2025-08-05 10:26:49.295979,2025-08-05 10:26:49.295979
6410,CABO,2014-12-31,quarterly,USD,122412000.0,201468000.0,79056000.0,79056000.0,44406000.0,45837000.0,0.0,78006000.0,,,,16090000.0,,,,32169000.0,43449000.0,16557000.0,,147309000.0,,-30747000.0,1422000.0,26892000.0,pass,2025-08-05 00:15:27.685690,2025-08-05 00:15:27.685690
9427,ISSC,2005-12-31,quarterly,USD,2703369.0,5405387.0,2702018.0,2702018.0,-728468.0,1896836.0,1535000.0,3431837.0,,,,43512.0,,,,201838.0,9465.0,3340.0,,0.0,,-728468.0,-526630.0,6125.0,pass,2025-08-05 11:15:00.068725,2025-08-05 11:15:00.068725
2907,UP,2022-12-31,quarterly,USD,12630000.0,408257000.0,395627000.0,395627000.0,-103928000.0,53331000.0,14804000.0,116558000.0,,-5457000.0,2058000.0,7515000.0,,,,19074000.0,-239245000.0,-335000.0,,-238910000.0,,-302135000.0,-283061000.0,-238910000.0,pass,2025-08-04 23:32:25.828550,2025-08-04 23:32:25.828550
17623,AED,,quarterly,,,,,,,,,,,,,,,,,,,,,,,,,,error,2025-08-05 00:00:08.930606,2025-08-05 00:00:08.930606
7333,AMGN,2011-06-30,quarterly,USD,3357000000.0,3959000000.0,602000000.0,602000000.0,1332000000.0,1130000000.0,819000000.0,2025000000.0,,,,122000000.0,,129000000.0,,73000000.0,1339000000.0,169000000.0,,1170000000.0,,1332000000.0,1405000000.0,1170000000.0,pass,2025-08-05 11:18:48.012207,2025-08-05 11:18:48.012207
6181,BWBBP,2019-12-31,quarterly,USD,20440000.0,28531000.0,8091000.0,8091000.0,9951000.0,6235000.0,,10489000.0,,,,7491000.0,,,,394000.0,9951000.0,1380000.0,,,,9951000.0,10345000.0,8571000.0,pass,2025-08-05 09:27:04.447038,2025-08-05 09:27:04.447038
1532,LKFN,2012-09-30,quarterly,USD,27246000.0,33746000.0,6500000.0,6500000.0,14087000.0,8569000.0,0.0,13159000.0,,,,6500000.0,,,,898000.0,14087000.0,4740000.0,,9347000.0,,14087000.0,14985000.0,9347000.0,pass,2025-08-05 11:22:37.434813,2025-08-05 11:22:37.434813
8725,HES,2022-06-30,quarterly,USD,2141000000.0,2955000000.0,814000000.0,814000000.0,1200000000.0,95000000.0,,971000000.0,,-121000000.0,121000000.0,121000000.0,,,,391000000.0,1082000000.0,328000000.0,,754000000.0,,1202000000.0,1593000000.0,667000000.0,pass,2025-08-05 09:10:01.648265,2025-08-05 09:10:01.648265
11137,FITBP,2023-12-31,annual,USD,7907000000.0,12355000000.0,4448000000.0,4448000000.0,2988000000.0,2988000000.0,,4919000000.0,,5988000000.0,9188000000.0,3933000000.0,,,,462000000.0,2988000000.0,639000000.0,,2556000000.0,,2988000000.0,3450000000.0,2349000000.0,pass,2025-08-05 10:56:02.224143,2025-08-05 10:56:02.224143
6650,DSGX,2023-01-31,quarterly,USD,96087000.0,125141000.0,29054000.0,29054000.0,33595000.0,13075000.0,18229000.0,60022000.0,,-320000.0,,320000.0,,,,15923003.0,36085000.0,6335000.0,,29750000.0,,35864997.0,51788000.0,29750000.0,pass,2025-08-05 10:12:35.174853,2025-08-05 10:12:35.174853
19755,EACQ,,annual,,,,,,,,,,,,,,,,,,,,,,,,,,error,2025-08-05 10:00:05.365905,2025-08-05 10:00:05.365905
5784,CHCI,2016-03-31,quarterly,USD,970000.0,9706000.0,8736000.0,8736000.0,-1271000.0,1542000.0,0.0,2025000.0,,,,216000.0,,8000.0,,55000.0,-1263000.0,25000.0,,-1238000.0,,-1058000.0,-1003000.0,-1724000.0,pass,2025-08-05 11:00:50.842492,2025-08-05 11:00:50.842492
12176,PRE,2008-09-30,quarterly,USD,0.0,896575000.0,1071714000.0,1071714000.0,0.0,0.0,0.0,0.0,,,,11877000.0,,,,,0.0,0.0,,0.0,,0.0,,0.0,pass,2025-08-04 23:53:00.563830,2025-08-04 23:53:00.563830
8312,AXR,2005-04-30,quarterly,USD,10455000.0,36152000.0,25697000.0,25697000.0,6634000.0,3821000.0,0.0,3821000.0,,,,120000.0,,,,1580000.0,6514000.0,1748000.0,,0.0,,6634000.0,8214000.0,4743000.0,pass,2025-08-05 00:02:35.342482,2025-08-05 00:02:35.342482
5327,TAP,2010-06-30,quarterly,USD,408500000.0,883300000.0,474800000.0,474800000.0,295100000.0,261200000.0,0.0,261200000.0,,,,25400000.0,,,,45000000.0,291100000.0,52200000.0,,0.0,,310900000.0,355900000.0,237200000.0,pass,2025-08-04 23:57:34.483616,2025-08-04 23:57:34.483616
4224,WPC,2020-09-30,quarterly,USD,271898000.0,302419000.0,30521000.0,30521000.0,139584000.0,23963000.0,,132314000.0,,-52537000.0,50817000.0,52537000.0,,67766000.0,,108351000.0,155409000.0,5975000.0,,149434000.0,,186417000.0,294768000.0,149397000.0,pass,2025-08-05 09:00:22.431273,2025-08-05 09:00:22.431273
598,OFLX,2014-12-31,quarterly,USD,14977000.0,24921000.0,9944000.0,9944000.0,6990000.0,3340000.0,795000.0,7987000.0,,,,15000.0,,-57000.0,,107000.0,6948000.0,2564000.0,,9512000.0,,6990000.0,7097000.0,4336000.0,pass,2025-08-05 09:59:26.177189,2025-08-05 09:59:26.177189
7763,AKTX,2014-12-31,quarterly,USD,102000.0,102000.0,0.0,0.0,-9362840.0,3485805.0,5877035.0,9362840.0,,,,7547.0,,,,6545.0,-8814258.0,-7547.0,,-1947553.0,,-8821805.0,-8815260.0,-8814258.0,pass,2025-08-05 11:21:48.052864,2025-08-05 11:21:48.052864
3988,VTMX,2020-03-31,quarterly,None,35195114.0,37712800.0,2517686.0,2517686.0,34915944.0,674782.0,,5164232.0,,,,9295627.0,,,,492404.0,25620317.0,50039343.0,,,,34915944.0,35408348.0,-24418739.0,pass,2025-08-05 08:42:46.110346,2025-08-05 08:42:46.110346
11131,FISI,2007-06-30,quarterly,USD,18658000.0,31064000.0,12253000.0,12253000.0,4463000.0,8008000.0,0.0,14348000.0,,,,12406000.0,,,,979000.0,4463000.0,1020000.0,,0.0,,4463000.0,5442000.0,3443000.0,pass,2025-08-05 10:25:02.717233,2025-08-05 10:25:02.717233
11295,FFWM,2012-12-31,quarterly,USD,42284000.0,47494000.0,5210000.0,5210000.0,13358000.0,28335000.0,0.0,0.0,,,,3145000.0,,,,,7808000.0,207000.0,,0.0,,0.0,,2735000.0,pass,2025-08-05 09:04:26.142029,2025-08-05 09:04:26.142029
10730,ELS,2011-06-30,quarterly,USD,60856000.0,125914000.0,65058000.0,65058000.0,13230000.0,6487000.0,0.0,26168000.0,,,,21458000.0,,541000.0,,17539000.0,11654000.0,24364000.0,,11654000.0,,35493000.0,53032000.0,10865000.0,pass,2025-08-05 08:48:37.075348,2025-08-05 08:48:37.075348
1971,KFY,2024-10-31,quarterly,USD,179876000.0,681960000.0,502084000.0,502084000.0,87476000.0,64541000.0,,92400000.0,,-5626000.0,926000.0,5626000.0,,,,19688000.0,87241000.0,24898000.0,,62343000.0,,92867000.0,112555000.0,60800000.0,pass,2025-08-05 08:43:31.333421,2025-08-05 08:43:31.333421
8616,HOTH,2018-03-31,quarterly,USD,0.0,0.0,0.0,0.0,-527546.0,307428.0,173404.0,527546.0,,,,,,,,302.0,-527546.0,0.0,,-527546.0,,-527546.0,-527244.0,-527546.0,pass,2025-08-05 10:47:53.651912,2025-08-05 10:47:53.651912
13723,MDRX,2012-12-31,quarterly,USD,136332000.0,350963000.0,214631000.0,214631000.0,-26600000.0,280020000.0,50000000.0,162932000.0,,,,13735000.0,,1301000.0,,39600000.0,-30098000.0,-5800000.0,,-24322000.0,,-25800000.0,13800000.0,-56936000.0,pass,2025-08-05 10:09:51.766229,2025-08-05 10:09:51.766229
2942,USB,2020-12-31,quarterly,USD,5284000000.0,6029000000.0,745000000.0,745000000.0,1920000000.0,1945000000.0,,3364000000.0,,3175000000.0,3479000000.0,304000000.0,,,,134000000.0,1920000000.0,395000000.0,,1525000000.0,,1920000000.0,2054000000.0,1519000000.0,pass,2025-08-05 00:15:21.614157,2025-08-05 00:15:21.614157
496,NMRA,2021-06-30,quarterly,USD,,,,,-17200000.0,6306000.0,10894000.0,17200000.0,,,,,,,,125000.0,-17011000.0,,,,,-17200000.0,-17075000.0,-17011000.0,pass,2025-08-05 10:38:11.225653,2025-08-05 10:38:11.225653
3900,XTIA,2025-03-31,quarterly,USD,335000.0,484000.0,149000.0,149000.0,-10402000.0,7380000.0,1714000.0,10737000.0,,-217000.0,,217000.0,,,,176000.0,-12887000.0,15000.0,,-12872000.0,,-12670000.0,-12494000.0,-12872000.0,pass,2025-08-05 10:06:07.088055,2025-08-05 10:06:07.088055
8073,BOKF,2024-12-31,annual,USD,1918035000.0,3361741000.0,1443706000.0,1443706000.0,666644000.0,847865000.0,,1251391000.0,,1210758000.0,2636464000.0,1425706000.0,,,,105306000.0,666644000.0,143091000.0,,523553000.0,,666644000.0,771950000.0,523569000.0,pass,2025-08-05 10:32:19.899223,2025-08-05 10:32:19.899223
8466,BBIO,2020-12-31,annual,USD,5161000.0,8249000.0,3088000.0,3088000.0,-474482000.0,145684000.0,337047000.0,482731000.0,,-32640000.0,4015000.0,36655000.0,,5649000.0,,3088000.0,-505488000.0,-21563000.0,,-505488000.0,,-468833000.0,-465745000.0,-483925000.0,pass,2025-08-05 10:38:15.664593,2025-08-05 10:38:15.664593
5493,SLNO,2015-12-31,annual,USD,34872.0,387555.0,352683.0,352683.0,-12159746.0,6140821.0,4536244.0,12194618.0,,,,0.0,,-3565235.0,,108228.0,-15908546.0,-183565.0,,-15724981.0,,-15908541.0,-15800313.0,-15908546.0,pass,2025-08-05 11:16:50.557782,2025-08-05 11:16:50.557782
7305,ALGS,2024-12-31,annual,USD,1323000.0,3945000.0,2622000.0,2622000.0,-89154000.0,22830000.0,70269000.0,93099000.0,,4406000.0,,,,,,,-130880000.0,331000.0,,-131211000.0,,,-89154000.0,-131211000.0,pass,2025-08-05 11:04:46.761306,2025-08-05 11:04:46.761306
1969,KFRC,2009-12-31,annual,USD,285979000.0,910136000.0,624157000.0,624157000.0,23038000.0,250398000.0,,262941000.0,,,,1437000.0,,,,11673000.0,21893000.0,9020000.0,,,,23330000.0,35003000.0,12873000.0,pass,2025-08-05 09:55:54.204768,2025-08-05 09:55:54.204768
5068,SU,2016-09-30,quarterly,CAD,3236000000.0,7409000000.0,4173000000.0,4173000000.0,-995000000.0,2212000000.0,146000000.0,3236000000.0,,,,175000000.0,,,,1506000000.0,326000000.0,-66000000.0,,0.0,,416000000.0,1922000000.0,392000000.0,pass,2025-08-04 23:28:20.540374,2025-08-04 23:28:20.540374
3157,UXIN,2020-03-31,quarterly,CNY,-6853000.0,103861000.0,110714000.0,110714000.0,-2185985000.0,74926000.0,31176000.0,2179132000.0,,-25948000.0,3081000.0,29029000.0,,,,22678000.0,-2040999000.0,326000.0,,-2034385000.0,,-2190602000.0,-2167924000.0,-2029002000.0,pass,2025-08-05 09:55:17.037908,2025-08-05 09:55:17.037908
20095,GCI,2023-12-31,quarterly,USD,211265000.0,669405000.0,458140000.0,458140000.0,24635000.0,167246000.0,,186630000.0,,-26969000.0,,26969000.0,,,,38496000.0,-1315000.0,21581000.0,,-22896000.0,,25654000.0,64150000.0,-22892000.0,pass,2025-08-05 08:41:37.096352,2025-08-05 08:41:37.096352
1899,KE,2024-03-31,quarterly,USD,31944000.0,425036000.0,393092000.0,393092000.0,16283000.0,16861000.0,,15661000.0,,-5792000.0,83000.0,5875000.0,,,,10455000.0,-12753000.0,-6677000.0,,-6076000.0,,-5978000.0,4477000.0,-6076000.0,pass,2025-08-05 11:08:04.196418,2025-08-05 11:08:04.196418
9940,IPM,2012-09-30,quarterly,None,3094969.0,4331701.0,1236732.0,1236732.0,-265483.0,1849160.0,,3360452.0,,,,,,,,40033.0,302306.0,,,,,-265483.0,-225450.0,302306.0,pass,2025-08-05 09:19:07.605593,2025-08-05 09:19:07.605593
2148,LADR,2012-06-30,quarterly,USD,0.0,148298000.0,30502000.0,30502000.0,116831000.0,0.0,0.0,0.0,,,,16040000.0,,,,,76841000.0,414000.0,,0.0,,0.0,,76419000.0,pass,2025-08-04 23:32:14.219194,2025-08-04 23:32:14.219194
1148,PM,2013-12-31,quarterly,USD,5187000000.0,7789000000.0,2602000000.0,2602000000.0,3367000000.0,5229000000.0,449000000.0,1984000000.0,,,,383000000.0,,-22000000.0,,223000000.0,2929000000.0,893000000.0,,2058000000.0,,3489000000.0,3712000000.0,1987000000.0,pass,2025-08-04 23:34:08.614582,2025-08-04 23:34:08.614582
1777,LW,2024-05-31,quarterly,USD,387900000.0,1611900000.0,1224000000.0,1224000000.0,212500000.0,119100000.0,26400000.0,175400000.0,,-40300000.0,,40300000.0,,,,86800000.0,180400000.0,50700000.0,,129700000.0,,212500000.0,299300000.0,129700000.0,pass,2025-08-05 00:00:12.406365,2025-08-05 00:00:12.406365
7070,CZWI,2016-12-31,annual,USD,23917000.0,28999000.0,5082000.0,5082000.0,3859000.0,11426000.0,0.0,20058000.0,,20077000.0,25084000.0,5007000.0,,63000.0,,1182000.0,3859000.0,1286000.0,,2573000.0,,3859000.0,5041000.0,2573000.0,pass,2025-08-05 10:53:39.246505,2025-08-05 10:53:39.246505
7206,AMRZ,2023-12-31,annual,USD,2769000000.0,11677000000.0,8908000000.0,8908000000.0,1871000000.0,898000000.0,,9806000000.0,,-549000000.0,,549000000.0,,,,,1303000000.0,,,955000000.0,,,,956000000.0,pass,2025-08-05 08:44:27.509176,2025-08-05 08:44:27.509176
10638,EOG,2007-12-31,annual,USD,3122446000.0,4038496000.0,916050000.0,916050000.0,1648396000.0,205210000.0,,1326533000.0,,,,0.0,,,,1065545000.0,1630868000.0,540950000.0,,,,1795913000.0,2861458000.0,1089918000.0,pass,2025-08-05 09:06:00.521545,2025-08-05 09:06:00.521545
3374,TLF,2007-09-30,quarterly,USD,6941634.0,12806333.0,5864699.0,5864699.0,105277.0,6836357.0,0.0,6836357.0,,,,50494.0,,,,237090.0,327441.0,155835.0,,0.0,,105277.0,342367.0,171606.0,pass,2025-08-05 09:18:06.125552,2025-08-05 09:18:06.125552
598,OFLX,2005-06-30,quarterly,USD,7529000.0,15241000.0,7712000.0,7712000.0,2886000.0,1134000.0,0.0,4643000.0,,,,45000.0,,,,-1000.0,2910000.0,1230000.0,,0.0,,2886000.0,2885000.0,1680000.0,pass,2025-08-05 09:59:26.177189,2025-08-05 09:59:26.177189
6191,BWMX,2018-06-30,quarterly,None,311600500.0,521440000.0,209839500.0,209839500.0,131844000.0,44759000.0,,182983000.0,,,,,,,,7049000.0,110028500.0,33442500.0,,,,131844000.0,138893000.0,76586000.0,pass,2025-08-05 11:01:47.489426,2025-08-05 11:01:47.489426
8890,HUBS,2015-06-30,quarterly,USD,31668000.0,42941000.0,11273000.0,11273000.0,-11322000.0,8541000.0,8158000.0,42990000.0,,,,79000.0,,46000.0,,1818000.0,-11355000.0,37000.0,,-11392000.0,,-11276000.0,-9458000.0,-11392000.0,pass,2025-08-04 23:26:26.207112,2025-08-04 23:26:26.207112
5253,TCBI,2014-09-30,quarterly,USD,129557000.0,145686000.0,16129000.0,16129000.0,57642000.0,50892000.0,0.0,71915000.0,,,,9629000.0,,-295000.0,,3890000.0,57642000.0,20810000.0,,36832000.0,,57642000.0,61532000.0,36832000.0,pass,2025-08-05 11:16:28.431696,2025-08-05 11:16:28.431696
5202,STLD,2018-12-31,quarterly,USD,521235000.0,2903892000.0,2382657000.0,2382657000.0,365553000.0,148248000.0,0.0,155682000.0,,,,31652000.0,,7384000.0,,80560000.0,341285000.0,71433000.0,,269852000.0,,372937000.0,453497000.0,270004000.0,pass,2025-08-05 11:09:51.785037,2025-08-05 11:09:51.785037
7222,AMRN,2023-06-30,quarterly,USD,42668000.0,80167000.0,37499000.0,37499000.0,-23959000.0,18642000.0,5642000.0,66627000.0,,3001000.0,3001000.0,,,,,734353.0,-17915000.0,-355000.0,,-17560000.0,,-13929353.0,-13195000.0,-17560000.0,pass,2025-08-05 11:17:23.783512,2025-08-05 11:17:23.783512
476,NNI,2005-06-30,quarterly,USD,129848000.0,72475000.0,71085000.0,71085000.0,-3528000.0,39977000.0,0.0,209000000.0,,,,133277000.0,,,,23250000.0,-3528000.0,-1755000.0,,0.0,,129749000.0,152999000.0,-1773000.0,pass,2025-08-05 08:57:20.291865,2025-08-05 08:57:20.291865
6353,CDW,2012-09-30,quarterly,USD,432700000.0,2623300000.0,2190600000.0,2190600000.0,139700000.0,257000000.0,0.0,293000000.0,,,,76700000.0,,200000.0,,53400000.0,63200000.0,25200000.0,,38000000.0,,139900000.0,193300000.0,38000000.0,pass,2025-08-05 11:19:26.070730,2025-08-05 11:19:26.070730
9896,INVA,2022-03-31,quarterly,USD,90059000.0,90059000.0,3501000.0,3501000.0,77729000.0,6492000.0,5838000.0,12330000.0,,-2688000.0,322000.0,3010000.0,,-30323000.0,,3501000.0,44718000.0,6860000.0,,37858000.0,,25643000.0,29144000.0,15773000.0,pass,2025-08-05 10:13:30.520667,2025-08-05 10:13:30.520667
7893,ASPS,2012-12-31,annual,USD,202159000.0,568360000.0,366201000.0,366201000.0,127447000.0,64573000.0,0.0,74712000.0,,,,1210000.0,,-1588000.0,,17806000.0,124649000.0,8738000.0,,115911000.0,,127447000.0,145253000.0,110627000.0,pass,2025-08-05 10:40:40.470545,2025-08-05 10:40:40.470545
2494,NEM,2008-06-30,quarterly,USD,704000000.0,1522000000.0,818000000.0,818000000.0,444000000.0,37000000.0,39000000.0,260000000.0,,,,35000000.0,,,,184000000.0,310000000.0,-37000000.0,,0.0,,329000000.0,513000000.0,271000000.0,pass,2025-08-04 23:26:37.650683,2025-08-04 23:26:37.650683
5968,CNA,2021-09-30,quarterly,USD,2672000000.0,2959000000.0,287000000.0,287000000.0,342000000.0,,,-2330000000.0,,-28000000.0,28000000.0,28000000.0,,,,14000000.0,314000000.0,58000000.0,,256000000.0,,342000000.0,356000000.0,256000000.0,pass,2025-08-04 23:34:14.496540,2025-08-04 23:34:14.496540
2002,LBRDP,2016-06-30,quarterly,USD,2317000.0,2966000.0,649000.0,649000.0,-10737000.0,9131000.0,2945000.0,13703000.0,,,,4016000.0,,,,978000.0,1435125000.0,544971000.0,,,,-10737000.0,-9759000.0,890154000.0,pass,2025-08-05 11:23:08.401847,2025-08-05 11:23:08.401847
3185,UTMD,2021-09-30,quarterly,USD,8073000.0,12572000.0,4499000.0,4499000.0,5098000.0,2848000.0,127000.0,2975000.0,,,,,,59000.0,,1830000.0,5157000.0,951000.0,,5157000.0,,5098000.0,6928000.0,4206000.0,pass,2025-08-05 10:10:13.058336,2025-08-05 10:10:13.058336
17833,BPT,,quarterly,,,,,,,,,,,,,,,,,,,,,,,,,,error,2025-08-04 23:37:33.418790,2025-08-04 23:37:33.418790
1691,MBAY,2004-12-31,annual,USD,6284000.0,18831000.0,12547000.0,12547000.0,-5432000.0,10743000.0,0.0,24263000.0,,,,0.0,,0.0,,,-15360000.0,14753000.0,,-30113000.0,,-5432000.0,,-30113000.0,pass,2025-08-05 10:04:35.754049,2025-08-05 10:04:35.754049
12457,PAY,2012-06-30,quarterly,USD,207507000.0,489050000.0,281543000.0,281543000.0,56077000.0,43414000.0,38657000.0,151430000.0,,,,16374000.0,,389000.0,,46294000.0,40092000.0,2313000.0,,37779000.0,,56382000.0,102676000.0,37695000.0,pass,2025-08-04 23:56:36.661438,2025-08-04 23:56:36.661438
14205,TRAQ,,quarterly,,,,,,,,,,,,,,,,,,,,,,,,,,error,2025-08-04 23:22:54.886282,2025-08-04 23:22:54.886282
8114,BNRG,2023-03-31,quarterly,USD,-330000.0,0.0,330000.0,330000.0,-2221000.0,1029000.0,600000.0,1891000.0,,-139000.0,35000.0,174000.0,,,,59750.0,-2360000.0,-6584.0,,-2360000.0,,-2245750.0,-2186000.0,-2360000.0,pass,2025-08-05 10:40:33.845751,2025-08-05 10:40:33.845751
10907,FUFUW,2023-12-31,quarterly,USD,21668000.0,144411000.0,122743000.0,122743000.0,18960000.0,1934000.0,391000.0,2708000.0,,-1450627.0,99968.0,1528000.0,,,,6097000.0,42622000.0,7314000.0,,5363462.0,,38053000.0,44150000.0,35308000.0,pass,2025-08-05 11:18:42.624069,2025-08-05 11:18:42.624069
3682,XPEL,2015-12-31,quarterly,USD,2819871.0,11171906.0,8352035.0,8352035.0,105912.0,2165473.0,360398.0,2676613.0,,,,51592.0,,,,254515.0,108377.0,308381.0,,,,159969.0,414484.0,-158744.0,pass,2025-08-05 09:18:10.539731,2025-08-05 09:18:10.539731
691,NXTT,2022-06-30,quarterly,USD,1503733.0,1608080.0,104347.0,104347.0,-465090.0,308110.0,,1968826.0,,,,,,,,13696.0,-437768.0,4869.0,,,,-437773.0,-424077.0,-442637.0,pass,2025-08-05 10:17:19.468813,2025-08-05 10:17:19.468813
2999,UCB,2022-06-30,quarterly,None,200763000.0,214842000.0,14079000.0,14079000.0,85967000.0,71500000.0,,114796000.0,,,,8475000.0,,,,10640000.0,85967000.0,19125000.0,,,,85967000.0,96607000.0,66842000.0,pass,2025-08-05 10:55:42.383893,2025-08-05 10:55:42.383893
307,PAA,2014-12-31,annual,USD,2116000000.0,43464000000.0,41348000000.0,41348000000.0,1791000000.0,325000000.0,0.0,325000000.0,,,,348000000.0,,106000000.0,,392000000.0,1557000000.0,171000000.0,,1386000000.0,,1897000000.0,2289000000.0,1384000000.0,pass,2025-08-05 09:15:47.225682,2025-08-05 09:15:47.225682
7787,AISP,2023-03-31,quarterly,USD,804279.0,2939000.0,2134000.0,2134000.0,-1702000.0,4092646.0,674080.0,2506000.0,,-13941.0,,5064.0,,,,209626.0,-1712000.0,-210000.0,,-3103279.0,,-1706626.0,-1497000.0,-1712000.0,pass,2025-08-05 10:51:43.445270,2025-08-05 10:51:43.445270
4427,SB,2007-06-30,quarterly,USD,31392000.0,34738000.0,3346000.0,3346000.0,28852000.0,260000.0,0.0,2540000.0,,,,1626000.0,,,,2280000.0,36106000.0,-5968000.0,,0.0,,28852000.0,31132000.0,34820000.0,pass,2025-08-05 08:54:04.767126,2025-08-05 08:54:04.767126
341,PAR,2015-12-31,annual,USD,45057000.0,229003000.0,183946000.0,183946000.0,6629000.0,27374000.0,10867000.0,38523000.0,,,591000.0,308000.0,,-800000.0,,3070000.0,5521000.0,1500000.0,,4021000.0,,6629000.0,9699000.0,-891000.0,pass,2025-08-05 09:06:40.545505,2025-08-05 09:06:40.545505
9574,JYNT,2024-09-30,quarterly,USD,27375223.0,30198490.0,2823267.0,2823267.0,-3185887.0,20754264.0,,30561110.0,,,,,,,,1239233.0,-3102554.0,62585.0,,-3165139.0,,619332.0,1858565.0,-3165139.0,pass,2025-08-05 09:52:36.742805,2025-08-05 09:52:36.742805
1954,KGEI,2023-12-31,quarterly,USD,58968000.0,67789000.0,8821000.0,8821000.0,57636000.0,1381000.0,,1332000.0,,-855000.0,0.0,855000.0,,,,3505000.0,58753000.0,54811000.0,,55394000.0,,59608000.0,63113000.0,4797000.0,pass,2025-08-05 10:29:14.812251,2025-08-05 10:29:14.812251
9869,IMKTA,2005-03-31,quarterly,USD,142028117.0,557267255.0,415239138.0,415239138.0,21526773.0,121600000.0,0.0,120501344.0,,,,12911766000.0,,,,14135801.0,8853532.0,3380000.0,,0.0,,21526773.0,35662574.0,5473532.0,pass,2025-08-05 09:48:47.502264,2025-08-05 09:48:47.502264
6635,DEI,2018-06-30,quarterly,USD,150743000.0,219469000.0,68726000.0,68726000.0,67927000.0,9437000.0,0.0,82816000.0,,,,33268000.0,,1668000.0,,73379000.0,37033000.0,5349000.0,,36327000.0,,67927000.0,141306000.0,31528000.0,pass,2025-08-05 08:47:05.207042,2025-08-05 08:47:05.207042
3834,ZVRA,2021-03-31,quarterly,USD,11117000.0,12117000.0,1000000.0,1000000.0,6960000.0,1892000.0,2265000.0,4157000.0,,,,349000.0,,,,64000.0,-10296000.0,285000.0,,,,-9947000.0,-9883000.0,-10296000.0,pass,2025-08-05 09:15:30.677263,2025-08-05 09:15:30.677263
4613,SFD,2015-06-30,quarterly,None,418500000.0,3486600000.0,3068100000.0,3068100000.0,186100000.0,,,232400000.0,,,,31500000.0,,,,58400000.0,155300000.0,51100000.0,,,,186800000.0,245200000.0,104200000.0,pass,2025-08-05 10:26:17.941084,2025-08-05 10:26:17.941084
4564,SJ,2024-12-31,quarterly,CNY,65866000.0,350866000.0,285000000.0,285000000.0,5422000.0,27827000.0,32661000.0,345444000.0,,411000.0,411000.0,,,,,,-6165000.0,,,-7520000.0,,,,-3006000.0,pass,2025-08-05 10:49:40.211169,2025-08-05 10:49:40.211169
6316,CBU,2024-09-30,quarterly,USD,181233000.0,240097000.0,58864000.0,58864000.0,57030000.0,78022000.0,,124203000.0,,112745000.0,163900000.0,51155000.0,,,,6972000.0,57030000.0,13129000.0,,43901000.0,,57030000.0,64002000.0,43901000.0,pass,2025-08-05 00:02:41.891056,2025-08-05 00:02:41.891056
4830,RH,2017-01-31,quarterly,USD,196654000.0,586706000.0,390052000.0,390052000.0,27110000.0,89744000.0,,169544000.0,,,,12639000.0,,,,15747000.0,15156000.0,5720000.0,,,,47499000.0,63246000.0,9436000.0,pass,2025-08-04 23:50:18.699123,2025-08-04 23:50:18.699123
3531,TRNO,2017-03-31,quarterly,USD,22894000.0,31441000.0,8547000.0,8547000.0,9565000.0,4179000.0,0.0,13363000.0,,,,3766000.0,,35000.0,,8848000.0,5799000.0,3766000.0,,5799000.0,,9531000.0,18379000.0,5799000.0,pass,2025-08-05 08:45:54.998073,2025-08-05 08:45:54.998073
4196,WSBC,2008-12-31,annual,USD,185234000.0,339112000.0,153878000.0,153878000.0,42610000.0,72855000.0,,142624000.0,,,,121229000.0,,,,6382000.0,42610000.0,4493000.0,,,,42610000.0,48992000.0,38117000.0,pass,2025-08-05 11:11:50.733871,2025-08-05 11:11:50.733871
4548,SHOP,2023-06-30,quarterly,USD,835000000.0,1694000000.0,859000000.0,859000000.0,-1636000000.0,131000000.0,648000000.0,2471000000.0,,58000000.0,58000000.0,,,,,17000000.0,-1301000000.0,10000000.0,,-1311000000.0,,-296000000.0,-279000000.0,-1311000000.0,pass,2025-08-04 23:26:06.179019,2025-08-04 23:26:06.179019
2332,MTUS,2021-06-30,quarterly,USD,67200000.0,327300000.0,260100000.0,260100000.0,46200000.0,21000000.0,,21000000.0,,-1700000.0,,1700000.0,,11900000.0,,16900000.0,55400000.0,1400000.0,,54000000.0,,54600000.0,71500000.0,54000000.0,pass,2025-08-05 08:53:31.453545,2025-08-05 08:53:31.453545
8861,IBEX,2023-06-30,annual,USD,148126000.0,523118000.0,374992000.0,374992000.0,40478000.0,88663000.0,,107648000.0,,-152000.0,640000.0,792000.0,,,,18985000.0,40326000.0,8744000.0,,31582000.0,,41118000.0,60103000.0,31582000.0,pass,2025-08-05 10:43:33.681021,2025-08-05 10:43:33.681021
2350,NGS,2005-03-31,quarterly,USD,3921211.0,11041235.0,7120024.0,7120024.0,1836905.0,1133491.0,0.0,2084306.0,,,,422000.0,,,,967054.0,1425967.0,527607.0,,0.0,,1836905.0,2803959.0,898360.0,pass,2025-08-05 09:08:51.611462,2025-08-05 09:08:51.611462
10185,ESQ,2024-12-31,annual,USD,120124000.0,138268000.0,18144000.0,18144000.0,59281000.0,38788000.0,,60843000.0,,99929000.0,113373000.0,13444000.0,,,,3287000.0,59281000.0,15623000.0,,43658000.0,,59281000.0,62568000.0,43658000.0,pass,2025-08-05 10:45:49.109180,2025-08-05 10:45:49.109180
5994,COF,2023-12-31,annual,USD,25769000000.0,36787000000.0,11018000000.0,11018000000.0,-4000000.0,9302000000.0,,20316000000.0,,28919000000.0,39951000000.0,1598000000.0,,,,3226000000.0,6045000000.0,1158000000.0,,5413000000.0,,6045000000.0,9271000000.0,4887000000.0,pass,2025-08-04 23:27:58.416353,2025-08-04 23:27:58.416353
8714,HIG,2021-09-30,quarterly,USD,2266000000.0,5686000000.0,3420000000.0,3420000000.0,583000000.0,1200000000.0,,5103000000.0,,-58000000.0,58000000.0,58000000.0,,,,437000000.0,583000000.0,101000000.0,,482000000.0,,641000000.0,809000000.0,482000000.0,pass,2025-08-05 09:03:17.860012,2025-08-05 09:03:17.860012
19902,FSACU,,annual,,,,,,,,,,,,,,,,,,,,,,,,,,error,2025-08-05 10:05:50.133084,2025-08-05 10:05:50.133084
1924,KBSX,2019-03-31,quarterly,None,3004000.0,5491000.0,2487000.0,2487000.0,624675.0,987331.0,285332.0,2380000.0,,,,,,,,235177.0,732892.0,120755.0,,,,624675.0,859852.0,612137.0,pass,2025-08-05 11:10:13.325790,2025-08-05 11:10:13.325790
4580,SILC,2022-12-31,quarterly,USD,14989000.0,45193000.0,30204000.0,30204000.0,7062000.0,1042000.0,5076000.0,7927000.0,,439000.0,,439000.0,,,,603750.0,7501000.0,1880000.0,,5621000.0,,6458250.0,7062000.0,5621000.0,pass,2025-08-05 11:05:07.202655,2025-08-05 11:05:07.202655
1220,PHAT,2022-12-31,annual,USD,-620000.0,0.0,620000.0,620000.0,-172440000.0,100999000.0,71441000.0,172440000.0,,-25173000.0,2132000.0,27305000.0,,,,620000.0,-197723000.0,25283000.0,,-197723000.0,,-172440000.0,-171820000.0,-223006000.0,pass,2025-08-05 11:06:13.776734,2025-08-05 11:06:13.776734
5847,CERS,2024-09-30,quarterly,USD,26199000.0,46017000.0,19818000.0,19818000.0,-961000.0,17786000.0,14013000.0,31799000.0,,-2260000.0,,2260000.0,,,,412000.0,-2858000.0,76000.0,,-2934000.0,,-598000.0,-186000.0,-2934000.0,pass,2025-08-05 10:38:42.642320,2025-08-05 10:38:42.642320
2666,MFAO,,quarterly,,,,,,,,,,,,,,,,,,,,,,,,,,empty,2025-08-05 00:00:33.689807,2025-08-05 00:00:33.689807
9424,ISRG,2011-12-31,quarterly,USD,362900000.0,496800000.0,133900000.0,133900000.0,199500000.0,122000000.0,41400000.0,163400000.0,,,,0.0,,3600000.0,,12500000.0,203100000.0,51900000.0,,151200000.0,,199500000.0,212000000.0,151200000.0,pass,2025-08-05 09:43:43.060263,2025-08-05 09:43:43.060263
9850,IDN,2010-06-30,quarterly,USD,2000615.0,3003018.0,1002403.0,1002403.0,-594173.0,1549125.0,600352.0,2594788.0,,,,7500.0,,,,277055.0,-601650.0,0.0,,0.0,,-594173.0,-317118.0,-601650.0,pass,2025-08-05 09:46:14.282307,2025-08-05 09:46:14.282307
10203,ESE,2006-09-30,quarterly,USD,43114000.0,121769000.0,78655000.0,78655000.0,12537000.0,28308000.0,20043000.0,30577000.0,,,,0.0,,,,4896000.0,13185000.0,2616000.0,,0.0,,12537000.0,17433000.0,10569000.0,pass,2025-08-05 08:56:05.194034,2025-08-05 08:56:05.194034
3666,XPON,2019-12-31,annual,USD,495536.0,1412699.0,917163.0,917163.0,-102063.0,441706.0,17319.0,597599.0,,-99060.0,5.0,99065.0,,,,13785.0,-201123.0,150.0,,-201273.0,,-102058.0,-88273.0,-201273.0,pass,2025-08-05 09:34:49.274422,2025-08-05 09:34:49.274422
4658,SHCAU,,quarterly,,,,,,,,,,,,,,,,,,,,,,,,,,error,2025-08-05 09:22:27.243928,2025-08-05 09:22:27.243928
2491,NEU,2013-09-30,quarterly,USD,163823000.0,580455000.0,416632000.0,416632000.0,87072000.0,40886000.0,35865000.0,76751000.0,,,,4259000.0,,-613000.0,,10042000.0,82200000.0,25179000.0,,57021000.0,,86459000.0,96501000.0,78896000.0,pass,2025-08-04 23:55:41.636817,2025-08-04 23:55:41.636817
2847,MOFG,2005-09-30,quarterly,USD,6818000.0,10848000.0,4030000.0,4030000.0,1771000.0,2821000.0,,5047000.0,,,,3954000.0,,,,661871.0,1771000.0,590000.0,,,,1773898.0,2435769.0,1181000.0,pass,2025-08-05 11:21:40.621695,2025-08-05 11:21:40.621695
5086,SXI,2006-03-31,quarterly,USD,42487000.0,148496000.0,106009000.0,106009000.0,9280000.0,33134000.0,0.0,33138000.0,,,,1977000.0,,,,2396000.0,7312000.0,2526000.0,,0.0,,10149000.0,12545000.0,5527000.0,pass,2025-08-04 23:39:30.620633,2025-08-04 23:39:30.620633
6465,CASS,2015-09-30,quarterly,USD,7963000.0,30597000.0,22634000.0,22634000.0,-35687000.0,17761000.0,0.0,22634000.0,,,,498000.0,,,,2262000.0,7963000.0,2083000.0,,5880000.0,,8461000.0,10723000.0,5880000.0,pass,2025-08-05 10:47:18.983737,2025-08-05 10:47:18.983737
10431,EBTC,2007-12-31,annual,USD,49787000.0,75145000.0,25358000.0,25358000.0,14943000.0,21646000.0,,34844000.0,,,,24358000.0,,,,2623000.0,14943000.0,5045000.0,,,,14943000.0,17566000.0,9898000.0,pass,2025-08-05 09:15:46.333269,2025-08-05 09:15:46.333269
1880,KOSS,2020-06-30,annual,USD,5662608.0,18311830.0,12649222.0,12649222.0,-484042.0,6146650.0,397360.0,6146650.0,,20185.0,20185.0,350814.0,,,,330629.0,-463857.0,1740.0,,-465597.0,,-484042.0,-153413.0,-465597.0,pass,2025-08-05 11:09:02.751247,2025-08-05 11:09:02.751247
4652,SGU,2007-12-31,quarterly,USD,82112000.0,453944000.0,371832000.0,371832000.0,30059000.0,4846000.0,0.0,52053000.0,,,,5059000.0,,,,7578000.0,25882000.0,785000.0,,0.0,,30059000.0,37637000.0,25097000.0,pass,2025-08-05 00:12:15.268119,2025-08-05 00:12:15.268119
7141,CVGI,2021-03-31,quarterly,USD,31121000.0,245122000.0,214001000.0,214001000.0,15403000.0,15718.0,,15718000.0,,-5041000.0,,5041000.0,,656000.0,,4642000.0,11018000.0,2528000.0,,8490000.0,,15508000.0,20150000.0,8490000.0,pass,2025-08-05 09:17:55.927252,2025-08-05 09:17:55.927252
11481,FMS,2021-03-31,quarterly,EUR,1206657000.0,4210125000.0,3003468000.0,3003468000.0,474253000.0,711515000.0,48645000.0,760160000.0,,-76072000.0,15256000.0,91328000.0,,,,388202000.0,398181000.0,93847000.0,,304334000.0,,489509000.0,877711000.0,248946000.0,pass,2025-08-04 23:33:07.206699,2025-08-04 23:33:07.206699
7320,AMC,2019-12-31,quarterly,USD,939600000.0,1447700000.0,508100000.0,508100000.0,131600000.0,267300000.0,,896200000.0,,-85700000.0,55600000.0,85700000.0,,-4600000.0,,112900000.0,-46900000.0,-33400000.0,,-13500000.0,,38800000.0,151700000.0,-13500000.0,pass,2025-08-04 23:34:58.640753,2025-08-04 23:34:58.640753
7333,AMGN,2016-03-31,quarterly,USD,4509000000.0,5527000000.0,1018000000.0,1018000000.0,2402000000.0,1203000000.0,872000000.0,2107000000.0,,,,294000000.0,,150000000.0,,521000000.0,2258000000.0,358000000.0,,1900000000.0,,2435000000.0,2956000000.0,1900000000.0,pass,2025-08-05 11:18:48.012207,2025-08-05 11:18:48.012207
3818,ZD,2010-06-30,quarterly,USD,50931000.0,61311000.0,10380000.0,10380000.0,25893000.0,11848000.0,2893000.0,25038000.0,,,,0.0,,1067000.0,,3929000.0,26960000.0,8250000.0,,18710000.0,,21964000.0,25893000.0,18710000.0,pass,2025-08-05 10:28:55.867807,2025-08-05 10:28:55.867807
5492,SLNHP,2013-06-30,quarterly,USD,1466000.0,2267000.0,801000.0,801000.0,232000.0,,307000.0,1234000.0,,,,33000.0,,,,22000.0,241000.0,156000.0,,,,232000.0,254000.0,100000.0,pass,2025-08-05 10:07:23.415766,2025-08-05 10:07:23.415766
7497,ARCC,2007-12-31,quarterly,USD,2658768.0,2658768.0,24500000.0,24500000.0,26390042.0,9662560.0,0.0,-736357.0,,,,16400000.0,,,,-1840396.0,59162330.0,-714368.0,,0.0,,1430068.0,-410328.0,47640702.0,pass,2025-08-05 10:11:35.596830,2025-08-05 10:11:35.596830
11194,FLD,2023-03-31,quarterly,USD,,,,,-873000.0,872897.0,,872897.0,,,,0.0,,,,2697000.0,1824000.0,555770.0,,,,-873000.0,1824000.0,1268000.0,pass,2025-08-05 09:16:18.471149,2025-08-05 09:16:18.471149
8837,IBKR,2013-09-30,quarterly,USD,305426000.0,305426000.0,112449000.0,112449000.0,237697000.0,14100000.0,,67729000.0,,,,12191000.0,,,,4475000.0,196382000.0,10414000.0,,198159000.0,,237697000.0,242172000.0,16447000.0,pass,2025-08-05 11:10:11.568586,2025-08-05 11:10:11.568586
2711,MRAM,2020-03-31,quarterly,USD,5351000.0,10108000.0,4757000.0,4757000.0,-1582000.0,2800000.0,3030000.0,6933000.0,,-172000.0,172000.0,172000.0,,22000.0,,409000.0,-1732000.0,194000.0,,-1732000.0,,-1560000.0,-1151000.0,-1732000.0,pass,2025-08-05 10:27:09.492856,2025-08-05 10:27:09.492856
11375,FRO,2008-09-30,quarterly,USD,123511000.0,276377000.0,152866000.0,152866000.0,56859000.0,8560000.0,,71499000.0,,,,48993000.0,,,,56547000.0,22689000.0,-1056000.0,,,,151970000.0,208517000.0,22689000.0,pass,2025-08-05 00:13:22.804111,2025-08-05 00:13:22.804111
1143,PLUS,2016-06-30,quarterly,USD,67664000.0,298503000.0,230839000.0,230839000.0,17835000.0,48054000.0,0.0,49829000.0,,,,349000.0,,,,2775000.0,17486000.0,6815000.0,,10671000.0,,17557000.0,20332000.0,10671000.0,pass,2025-08-05 09:49:19.615194,2025-08-05 09:49:19.615194
2511,NEE,2024-12-31,quarterly,USD,2977000000.0,5385000000.0,2408000000.0,2408000000.0,941000000.0,,,2036000000.0,,725000000.0,130000000.0,725000000.0,,,,1582000000.0,1044000000.0,171000000.0,,873000000.0,,319000000.0,1901000000.0,1203000000.0,pass,2025-08-05 08:45:36.615864,2025-08-05 08:45:36.615864
8026,BFS,2022-06-30,quarterly,USD,45496000.0,60293000.0,14797000.0,14797000.0,27454000.0,5665000.0,,18042000.0,,-10457000.0,2000.0,9994000.0,,,,12077000.0,16997000.0,6317000.0,,16997000.0,,27454000.0,39531000.0,10217000.0,pass,2025-08-05 08:57:41.733411,2025-08-05 08:57:41.733411
11839,NCRA,2016-12-31,annual,USD,0.0,0.0,0.0,0.0,-880.0,1218.0,0.0,875.0,,,,0.0,,0.0,,-120.0,-875.0,0.0,,-1000.0,,-880.0,-1000.0,-875.0,pass,2025-08-05 10:05:44.589087,2025-08-05 10:05:44.589087
2754,MSDL,2024-06-30,quarterly,USD,87397000.0,103796000.0,16399000.0,16399000.0,77771000.0,13437000.0,,9626000.0,,72620000.0,101922000.0,29302000.0,,,,,59045000.0,500000.0,,59045000.0,,,88347000.0,59045000.0,pass,2025-08-05 00:10:45.974148,2025-08-05 00:10:45.974148
9231,HD,2005-10-31,quarterly,USD,6963000000.0,20744000000.0,13781000000.0,13781000000.0,2473000000.0,4119000000.0,0.0,4490000000.0,,,,21000000.0,,,,405000000.0,2452000000.0,914000000.0,,0.0,,2473000000.0,2878000000.0,1538000000.0,pass,2025-08-05 00:15:24.226079,2025-08-05 00:15:24.226079
2899,UNMA,2025-03-31,quarterly,None,3091600000.0,3091600000.0,,,213300000.0,,,2878300000.0,,,,52000000.0,,,,,243600000.0,54500000.0,,,,,213300000.0,189100000.0,pass,2025-08-05 09:00:55.981223,2025-08-05 09:00:55.981223
7131,CTEV,2023-12-31,quarterly,USD,183473000.0,244135000.0,60662000.0,60662000.0,40812000.0,36102000.0,,142661000.0,,-81882000.0,1123000.0,83005000.0,,,,108040000.0,-31777000.0,-386000.0,,-31391000.0,,51228000.0,159268000.0,-31391000.0,pass,2025-08-04 23:25:30.718894,2025-08-04 23:25:30.718894
5205,STN,2012-06-30,annual,CAD,1258611000.0,2760967000.0,1502356000.0,1502356000.0,-1325203000.0,762863000.0,,0.0,,,,0.0,,,,,-1445007000.0,-11437000.0,,-1433570000.0,,-1334677000.0,,-1433570000.0,pass,2025-08-04 23:25:42.947422,2025-08-04 23:25:42.947422
6175,BW,2022-12-31,annual,USD,185600000.0,889800000.0,704200000.0,704200000.0,29100000.0,187000000.0,3800000.0,190800000.0,,-44342000.0,45000000.0,45000000.0,,33643000.0,,21628000.0,-15500000.0,11100000.0,,-26584000.0,,35932000.0,57560000.0,-26600000.0,pass,2025-08-05 09:04:04.432181,2025-08-05 09:04:04.432181
2352,NGVT,2024-03-31,quarterly,USD,99700000.0,340100000.0,250600000.0,250600000.0,45700000.0,47200000.0,6800000.0,44500000.0,,-22300000.0,1000000.0,23300000.0,,,,29600000.0,-71900000.0,-15900000.0,,-56000000.0,,-48599999.0,-18999999.0,-56000000.0,pass,2025-08-05 00:07:43.313854,2025-08-05 00:07:43.313854
4453,SANW,2018-06-30,quarterly,USD,1099969.0,9891828.0,8791859.0,8791859.0,-3431432.0,2465818.0,1225319.0,4532605.0,,,,669534.0,,-44086.0,,841468.0,-4094290.0,191858.0,,-4286150.0,,-3424756.0,-2583288.0,-4286148.0,pass,2025-08-05 11:18:02.052266,2025-08-05 11:18:02.052266
9480,IVR,2021-03-31,quarterly,USD,-3336000.0,-3242000.0,94000.0,94000.0,-10935000.0,6877000.0,,1993000.0,,41670000.0,40010000.0,1660000.0,,-44068000.0,,-5239000.0,-9275000.0,,,-9275000.0,,-10935000.0,-16174000.0,-9275000.0,pass,2025-08-04 23:29:56.678228,2025-08-04 23:29:56.678228
2991,UBFO,2009-09-30,quarterly,USD,7743000.0,9889000.0,2146000.0,2146000.0,893000.0,2531000.0,0.0,6850000.0,,,,1711000.0,,,,583000.0,893000.0,200000.0,,0.0,,893000.0,1476000.0,693000.0,pass,2025-08-05 09:57:04.630611,2025-08-05 09:57:04.630611
11474,FMC,2022-12-31,quarterly,USD,685600000.0,1622000000.0,936400000.0,936400000.0,343800000.0,212500000.0,84400000.0,296900000.0,,-44800000.0,44800000.0,44800000.0,,,,38800000.0,347600000.0,12200000.0,,335400000.0,,391400000.0,430200000.0,273900000.0,pass,2025-08-04 23:26:30.579779,2025-08-04 23:26:30.579779
7151,CVLT,2019-12-31,quarterly,USD,145828000.0,176351000.0,30523000.0,30523000.0,-479000.0,23864000.0,30503000.0,144286000.0,,786000.0,786000.0,100000.0,,786000.0,,5564000.0,307000.0,957000.0,,-650000.0,,1542000.0,7106000.0,-650000.0,pass,2025-08-05 10:22:26.596294,2025-08-05 10:22:26.596294
6902,CRWS,2018-09-30,quarterly,USD,6370000.0,20536000.0,14166000.0,14166000.0,2455000.0,3827000.0,28000.0,3827000.0,,,,88000.0,,1000.0,,369000.0,2456000.0,647000.0,,1809000.0,,2544000.0,2913000.0,1809000.0,pass,2025-08-05 09:44:26.319704,2025-08-05 09:44:26.319704
7066,DATS,2015-06-30,quarterly,None,-16505.0,,16505.0,16505.0,-38785.0,22280.0,,22147.0,,,,,,,,38785.0,-38783.0,2.0,,,,-38783.0,2.0,-38783.0,pass,2025-08-05 10:56:48.284107,2025-08-05 10:56:48.284107
8217,BNED,2018-01-31,quarterly,USD,146535000.0,603391000.0,456856000.0,456856000.0,-295625000.0,26000.0,0.0,128981000.0,,,,2954000.0,,,,17007000.0,-298579000.0,-15344000.0,,-366413000.0,,-295625000.0,-278618000.0,-283235000.0,pass,2025-08-05 00:07:52.755704,2025-08-05 00:07:52.755704
5339,TAP-A,2014-12-31,annual,USD,1653000000.0,4146300000.0,2493300000.0,2493300000.0,726500000.0,690000000.0,,1163900000.0,,,,145000000.0,,4800000.0,,313000000.0,586300000.0,69000000.0,,517300000.0,,740600000.0,1053600000.0,514000000.0,pass,2025-08-04 23:45:40.823296,2025-08-04 23:45:40.823296
2632,MCO,2020-12-31,quarterly,USD,881000000.0,1290000000.0,409000000.0,409000000.0,444000000.0,1229000.0,,407000000.0,,-52000000.0,2000000.0,54000000.0,,,,57000000.0,400000000.0,86000000.0,,314000000.0,,472000000.0,529000000.0,314000000.0,pass,2025-08-05 08:58:46.816829,2025-08-05 08:58:46.816829
7190,AMTX,2011-09-30,quarterly,USD,782221.0,56572000.0,55789000.0,55789000.0,-1768000.0,2213000.0,337229.0,2550000.0,,,,3786000.0,,,,341135.0,-5549000.0,-98479.0,,,,-1763135.0,-1422000.0,-5450000.0,pass,2025-08-05 09:48:20.106847,2025-08-05 09:48:20.106847
4014,VTR,2020-12-31,quarterly,USD,457792000.0,921165000.0,463373000.0,463373000.0,32576000.0,29537000.0,,281087000.0,,-113564000.0,644000.0,114208000.0,,30759000.0,,267474000.0,111274000.0,-679000.0,,111953000.0,,225482000.0,492956000.0,110451000.0,pass,2025-08-04 23:37:55.122580,2025-08-04 23:37:55.122580
9584,JSPRW,2022-06-30,quarterly,USD,-313000.0,0.0,313000.0,313000.0,-11963000.0,3828000.0,8135000.0,11963000.0,,,,1559000.0,,,,218000.0,-10404000.0,-1559000.0,,-10404000.0,,-11963000.0,-11745000.0,-10404000.0,pass,2025-08-05 09:20:03.769344,2025-08-05 09:20:03.769344
5327,TAP,2006-09-30,quarterly,USD,669519000.0,1576824000.0,907305000.0,907305000.0,206960000.0,434100000.0,0.0,434106000.0,,,,28268000.0,,,,110242000.0,185113000.0,57628000.0,,0.0,,213381000.0,323623000.0,135794000.0,pass,2025-08-04 23:57:34.483616,2025-08-04 23:57:34.483616
2530,MGRD,2021-12-31,annual,USD,1365300000.0,2412400000.0,1047100000.0,1047100000.0,1018200000.0,,0.0,399400000.0,,,,111400000.0,,,,52300000.0,1141100000.0,251000000.0,,,,1216800000.0,1269100000.0,565700000.0,pass,2025-08-04 23:50:42.837250,2025-08-04 23:50:42.837250
5124,SSTI,2023-06-30,quarterly,USD,12662000.0,22075000.0,9413000.0,9413000.0,-2352000.0,5513000.0,3057000.0,16013000.0,,52000.0,52000.0,52000.0,,-53000.0,,3147000.0,-2353000.0,344000.0,,-2697000.0,,-3351000.0,-204000.0,-2697000.0,pass,2025-08-05 10:39:31.647235,2025-08-05 10:39:31.647235
2346,NGL,2014-03-31,quarterly,USD,173716000.0,3975935000.0,3802219000.0,3802219000.0,62793000.0,25602000.0,0.0,110923000.0,,,,20427000.0,,2025000.0,,42802000.0,43727000.0,581000.0,,45020000.0,,64154000.0,106956000.0,36582000.0,pass,2025-08-05 00:14:35.108975,2025-08-05 00:14:35.108975
8203,BLD,2016-03-31,quarterly,USD,89455000.0,414024000.0,324569000.0,324569000.0,19767000.0,69688000.0,0.0,69688000.0,,,,1673000.0,,75000.0,,2895000.0,18169000.0,7053000.0,,11116000.0,,19842000.0,22737000.0,11116000.0,pass,2025-08-04 23:31:56.483324,2025-08-04 23:31:56.483324
10839,GAIN,2023-06-30,quarterly,USD,7375000.0,12349000.0,4974000.0,4974000.0,8786000.0,1491000.0,,-1411000.0,,13419000.0,18393000.0,4974000.0,,,,-13959000.0,8786000.0,13959000.0,,8440000.0,,30861000.0,8786000.0,8786000.0,pass,2025-08-05 11:12:07.525437,2025-08-05 11:12:07.525437
286,PALI,2017-03-31,quarterly,USD,2500.0,2500.0,,,-4232000.0,1332000.0,2902000.0,4235000.0,,,,138732.0,,,,112205.0,-7567000.0,-3197000.0,,,,-7428205.0,-7316000.0,-7567000.0,pass,2025-08-05 10:58:33.690522,2025-08-05 10:58:33.690522
7150,CVLG,2017-12-31,annual,USD,92909000.0,705007000.0,612098000.0,612098000.0,28155000.0,54876000.0,,64754000.0,,-8258000.0,4858000.0,8258000.0,,,,72422000.0,23297000.0,-32142000.0,,55439000.0,,28155000.0,100577000.0,55439000.0,pass,2025-08-05 09:30:16.774628,2025-08-05 09:30:16.774628
7967,BJ,2017-04-30,quarterly,USD,505522000.0,2946828000.0,2441306000.0,2441306000.0,-27784000.0,807000.0,0.0,533306000.0,,,,41960000.0,,,,41051000.0,-91854000.0,-33067000.0,,-58787000.0,,-50942000.0,-9891000.0,-58894000.0,pass,2025-08-04 23:37:10.725421,2025-08-04 23:37:10.725421
10999,GLAD,2007-09-30,annual,USD,22152339.0,22152339.0,19370000.0,19370000.0,22177632.0,1242226.0,,1242226.0,,,,7225628.0,,,,7798253.0,22260556.0,7308552.0,,,,22260556.0,30058809.0,14952004.0,pass,2025-08-05 10:10:29.001635,2025-08-05 10:10:29.001635
126,OIS,2024-06-30,quarterly,USD,29652000.0,186383000.0,156731000.0,156731000.0,3279000.0,26373000.0,,26373000.0,,-2061000.0,,2061000.0,,,,14698000.0,636000.0,-665000.0,,1301000.0,,2697000.0,17395000.0,1301000.0,pass,2025-08-04 23:48:58.003542,2025-08-04 23:48:58.003542
10180,ESNT,2012-09-30,quarterly,None,13536000.0,13536000.0,,,-1690999.0,,,15969000.0,,,,,,,,,-2433000.0,371000.0,,,,,-1690999.0,-2062000.0,pass,2025-08-04 23:56:48.505143,2025-08-04 23:56:48.505143
8123,BRKR,2012-12-31,annual,USD,831400000.0,1791400000.0,960000000.0,960000000.0,156000000.0,442400000.0,195300000.0,637700000.0,,,,14300000.0,,,,59100000.0,138300000.0,60100000.0,,,,152600000.0,211700000.0,77500000.0,pass,2025-08-05 09:32:08.947797,2025-08-05 09:32:08.947797
3554,TRV,2009-09-30,quarterly,USD,6327000000.0,6327000000.0,4090000000.0,4090000000.0,1348000000.0,889000000.0,0.0,4979000000.0,,,,98000000.0,,,,187000000.0,1250000000.0,315000000.0,,935000000.0,,1348000000.0,1535000000.0,935000000.0,pass,2025-08-04 23:42:39.246328,2025-08-04 23:42:39.246328
9189,HALO,2013-03-31,quarterly,USD,11094569.0,11833540.0,738971.0,738971.0,-18495773.0,7555905.0,22034437.0,29590342.0,,,,847584.0,,54988.0,,294664.0,-19288369.0,847584.0,,-19288369.0,,-18495773.0,-18201109.0,-19288369.0,pass,2025-08-05 10:10:29.897189,2025-08-05 10:10:29.897189
2327,MTRX,2011-06-30,quarterly,USD,20874000.0,163629000.0,142755000.0,142755000.0,9515000.0,11359000.0,0.0,11359000.0,,,,201000.0,,,,2817000.0,9165000.0,3482000.0,,0.0,,9366000.0,12183000.0,5683000.0,pass,2025-08-05 10:15:51.328094,2025-08-05 10:15:51.328094
4236,WRLD,2016-03-31,quarterly,USD,119770270.0,144143041.0,24372771.0,24372771.0,54900049.0,52620000.0,0.0,64870221.0,,,,6959000.0,,,,121000.0,46256276.0,16430547.0,,29825729.0,,54900049.0,55021049.0,28616000.0,pass,2025-08-05 09:27:39.176421,2025-08-05 09:27:39.176421
6411,CAC,2011-09-30,quarterly,USD,23353000.0,30274000.0,6921000.0,6921000.0,9983000.0,7847000.0,0.0,13370000.0,,,,5739000.0,,,,1008000.0,9983000.0,3054000.0,,6929000.0,,9983000.0,10991000.0,6929000.0,pass,2025-08-05 10:39:59.479454,2025-08-05 10:39:59.479454
553,OBDC,2022-12-31,annual,USD,194374000.0,1116062000.0,273134000.0,273134000.0,476129000.0,25091000.0,0.0,59496000.0,,745793000.0,1053332000.0,273134000.0,,,,416035000.0,476129000.0,9774000.0,,466355000.0,,60094000.0,476129000.0,466355000.0,pass,2025-08-04 23:36:07.241725,2025-08-04 23:36:07.241725
9878,IOVA,2010-12-31,quarterly,USD,0.0,0.0,0.0,0.0,-496077.0,437000.0,250000.0,496077.0,,,,0.0,,,,58250.0,0.0,0.0,,0.0,,-496077.0,-437827.0,-741922.0,pass,2025-08-05 10:14:06.512445,2025-08-05 10:14:06.512445
